UserMail,ExperimentNo,SampleNo,ModNo,O,C,E,A,N,TimeSeconds,CheckBoxes,FileName
0,10,9,0,-1,2,-3,2,-3,20,0,bow_normal
0,10,10,0,-3,3,-3,2,-3,16,0,bow_not_confident
0,10,37,0,3,-2,3,3,-2,11,0,byebye_masculinity
0,10,46,0,1,-1,2,-1,1,9,0,dash_angry
0,10,62,0,-1,1,1,1,-2,16,0,guide_childish
0,10,75,0,3,-1,3,2,-1,9,0,run_active
0,10,102,0,1,2,-3,3,-2,10,0,walk_proud_1
0,10,106,0,0,1,-2,-1,0,13,0,walk_angry_2
0,10,123,0,2,-2,3,-2,1,11,0,punch_normal_1
0,10,127,0,-1,2,0,0,-2,12,0,slash_normal_2
1,10,48,0,2,-2,2,2,1,19,0,dash_chimpira
1,10,49,0,1,2,2,1,-1,21,0,dash_feminine
1,10,56,0,-1,-3,-2,1,3,20,0,dash_old
1,10,60,0,1,1,2,-1,0,25,0,guide_active
1,10,67,0,-1,2,1,1,-1,23,0,guide_masculinity
1,10,70,0,-2,-1,-2,1,1,33,0,guide_not_confident
1,10,88,0,-1,-1,-3,1,2,26,0,run_sad
1,10,93,0,-2,-2,1,-1,3,38,0,walk_chimpira_1
1,10,103,0,2,2,-1,1,-1,19,0,walk_sad_1
1,10,123,0,1,1,1,-1,0,23,0,punch_normal_1
2,10,15,0,-3,-2,1,1,1,25,0,bye_active
2,10,36,0,-3,0,-2,-1,3,22,0,byebye_happy
2,10,57,0,2,-2,3,2,1,21,0,dash_proud
2,10,59,0,0,-2,1,0,1,18,0,dash_tired
2,10,65,0,0,2,-1,0,-3,21,0,guide_giant
2,10,103,0,2,1,-2,2,-2,41,0,walk_sad_1
2,10,111,0,3,-3,2,1,1,25,0,walk_happy_2
2,10,117,0,-3,2,2,-2,2,18,0,walk_proud_2
2,10,119,0,0,-3,0,-1,3,33,0,walk_tired_2
2,10,123,0,2,1,2,-3,2,30,0,punch_normal_1
3,10,3,0,-2,-1,-1,-1,3,22,0,bow_chimpira
3,10,10,0,-1,1,-3,-1,3,16,0,bow_not_confident
3,10,12,0,-1,-1,-1,-1,3,15,0,bow_proud
3,10,19,0,1,-1,2,1,-3,21,0,bye_feminine
3,10,29,0,3,-1,3,2,1,13,0,bye_tired
3,10,47,0,1,-3,1,-1,2,15,0,dash_childish
3,10,70,0,-2,-1,-1,1,2,18,0,guide_not_confident
3,10,75,0,-1,3,1,1,-1,15,0,run_active
3,10,91,0,-2,3,-1,-2,2,18,0,walk_angry_1
3,10,111,0,2,1,2,1,-1,35,0,walk_happy_2
4,10,4,0,-3,3,3,3,3,27,0,bow_feminine
4,10,13,0,3,3,3,3,-3,19,0,bow_sad
4,10,15,0,3,3,3,3,-3,14,0,bye_active
4,10,18,0,3,3,3,3,-3,27,0,bye_chimpira
4,10,45,0,3,3,3,3,-3,15,0,dash_active
4,10,54,0,3,3,3,3,3,16,0,dash_normal
4,10,62,0,-3,-3,3,-3,3,15,0,guide_childish
4,10,74,0,-3,-3,-3,-3,3,17,0,guide_tired
4,10,86,0,-3,-3,-3,-3,3,19,0,run_old
4,10,127,0,3,3,2,2,-3,49,0,slash_normal_2
5,10,24,0,-3,-3,-3,-1,3,26,0,bye_normal
5,10,26,0,-3,3,3,3,-3,20,0,bye_old
5,10,75,0,3,3,3,3,-3,22,0,run_active
5,10,76,0,3,3,3,3,-3,16,0,run_angry
5,10,82,0,-3,3,3,-3,3,46,0,run_masculinity
5,10,91,0,-3,3,3,3,3,30,0,walk_angry_1
5,10,93,0,-2,-2,2,-2,3,26,0,walk_chimpira_1
5,10,117,0,-3,1,3,-3,-3,27,0,walk_proud_2
5,10,121,0,3,3,-3,3,3,38,0,call_normal_2
5,10,122,0,-3,-3,-2,1,-3,34,0,kick_normal
6,10,6,0,2,2,2,1,-2,26,0,bow_happy
6,10,9,0,1,3,-2,1,-3,17,0,bow_normal
6,10,34,0,2,1,2,1,-1,16,0,byebye_feminine
6,10,78,0,-1,-3,1,-2,2,9,0,run_chimpira
6,10,86,0,-1,-1,-1,3,2,22,0,run_old
6,10,92,0,1,-2,3,1,1,19,0,walk_childish_1
6,10,95,0,-2,-1,-1,-2,1,9,0,walk_giant_1
6,10,97,0,-1,-1,1,-1,1,57,0,walk_masculinity_1
6,10,114,0,2,1,-1,1,-1,27,0,walk_normal_2
6,10,120,0,1,-1,1,-1,1,20,0,call_normal_1
7,10,37,0,2,0,3,3,1,28,0,byebye_masculinity
7,10,42,0,1,0,2,1,1,22,0,byebye_proud
7,10,49,0,2,-2,2,1,1,20,0,dash_feminine
7,10,60,0,-1,1,1,2,-2,27,0,guide_active
7,10,61,0,1,0,3,3,2,28,0,guide_angry
7,10,89,0,-1,-1,-1,1,-1,38,0,run_tired
7,10,104,0,-1,-1,-1,-2,1,20,0,walk_tired_1
7,10,106,0,-1,1,1,1,-1,51,0,walk_angry_2
7,10,119,0,-1,-1,-3,-1,-1,38,0,walk_tired_2
7,10,122,0,0,-1,0,-3,3,13,0,kick_normal
8,10,11,0,-1,-1,-1,1,3,27,0,bow_old
8,10,22,0,2,-1,2,2,-1,19,0,bye_masculinity
8,10,24,0,1,1,-1,1,-1,12,0,bye_normal
8,10,47,0,1,-2,1,1,2,21,0,dash_childish
8,10,48,0,1,1,2,-1,1,30,0,dash_chimpira
8,10,58,0,-1,-1,0,1,3,30,0,dash_sad
8,10,61,0,-1,2,-1,-2,1,29,0,guide_angry
8,10,71,0,-1,0,-1,1,-1,17,0,guide_old
8,10,83,0,2,-1,2,3,0,21,0,run_musical
8,10,116,0,-1,3,-3,-1,-1,22,0,walk_old_2
9,10,2,0,0,-2,1,-1,2,38,0,bow_childish
9,10,38,0,3,0,3,3,-3,15,0,byebye_musical
9,10,66,0,3,1,1,3,-1,48,0,guide_happy
9,10,74,0,-1,-1,-3,-3,1,28,0,guide_tired
9,10,78,0,0,-2,2,1,2,18,0,run_chimpira
9,10,82,0,1,1,0,1,-2,20,0,run_masculinity
9,10,85,0,0,0,-2,-1,3,17,0,run_not_confident
9,10,91,0,0,1,1,1,1,23,0,walk_angry_1
9,10,105,0,-1,-1,-2,-3,3,45,0,walk_active_2
9,10,107,0,2,2,1,3,-3,21,0,walk_childish_2
10,10,22,0,1,1,1,3,-3,17,0,bye_masculinity
10,10,37,0,2,-1,3,3,-3,17,0,byebye_masculinity
10,10,65,0,-2,-1,1,2,-2,22,0,guide_giant
10,10,69,0,1,2,1,3,-3,18,0,guide_normal
10,10,75,0,2,-1,2,2,-2,20,0,run_active
10,10,78,0,-2,-3,2,2,1,16,0,run_chimpira
10,10,85,0,-1,2,1,-1,1,28,0,run_not_confident
10,10,87,0,-2,-3,1,1,1,21,0,run_proud
10,10,94,0,3,-3,2,3,-3,22,0,walk_feminine_1
10,10,118,0,-1,-3,1,0,-2,31,0,walk_sad_2
11,10,5,0,0,3,-2,2,-2,26,0,bow_giant
11,10,34,0,2,-2,3,2,-1,24,0,byebye_feminine
11,10,36,0,1,-2,3,1,1,22,0,byebye_happy
11,10,48,0,1,-2,2,-1,2,23,0,dash_chimpira
11,10,55,0,-2,-1,1,-2,2,21,0,dash_not_confident
11,10,72,0,0,-2,2,-2,1,44,0,guide_proud
11,10,76,0,1,-1,1,0,1,28,0,run_angry
11,10,84,0,1,-2,2,2,1,23,0,run_normal
11,10,100,0,-2,1,-3,0,3,26,0,walk_not_confident_1
11,10,124,0,0,1,-1,-2,2,31,0,punch_normal_2
12,10,3,0,-2,2,-3,2,-2,11,0,bow_chimpira
12,10,11,0,-3,-2,-2,-2,3,13,0,bow_old
12,10,26,0,-3,2,-2,2,-3,43,0,bye_old
12,10,29,0,-2,-2,-2,-2,1,18,0,bye_tired
12,10,54,0,2,-2,2,-2,2,14,0,dash_normal
12,10,57,0,1,-2,2,-2,2,14,0,dash_proud
12,10,59,0,2,-2,3,2,2,28,0,dash_tired
12,10,73,0,3,3,-2,1,-3,38,0,guide_sad
12,10,84,0,-1,1,-2,2,-2,24,0,run_normal
12,10,125,0,-2,2,-3,2,-2,14,0,respond_normal
13,10,22,0,1,3,1,3,-3,36,0,bye_masculinity
13,10,23,0,3,2,2,3,-2,45,0,bye_musical
13,10,31,0,1,-2,3,-3,3,57,0,byebye_angry
13,10,65,0,-1,2,1,2,-1,36,0,guide_giant
13,10,67,0,3,2,3,3,-2,21,0,guide_masculinity
13,10,104,0,-2,-2,-1,1,-2,30,0,walk_tired_1
13,10,108,0,-3,-2,-3,2,-2,21,0,walk_chimpira_2
13,10,111,0,3,1,3,-1,2,16,0,walk_happy_2
13,10,121,0,2,3,2,2,-2,55,0,call_normal_2
13,10,124,0,2,2,1,-2,2,27,0,punch_normal_2
14,10,7,0,-1,3,-3,1,-2,10,0,bow_masculinity
14,10,27,0,-1,-2,-1,1,-1,16,0,bye_proud
14,10,34,0,3,-2,3,3,1,13,0,byebye_feminine
14,10,44,0,0,0,1,1,-1,9,0,byebye_tired
14,10,47,0,1,-2,1,2,1,18,0,dash_childish
14,10,59,0,2,-3,1,0,2,11,0,dash_tired
14,10,69,0,-1,1,-1,1,-1,12,0,guide_normal
14,10,91,0,-2,0,2,0,1,18,0,walk_angry_1
14,10,105,0,-1,0,2,-2,1,14,0,walk_active_2
14,10,113,0,3,0,3,1,-1,14,0,walk_musical_2
15,10,9,0,0,0,0,0,0,4,0,bow_normal
15,10,19,0,-1,0,2,1,0,17,0,bye_feminine
15,10,23,0,0,0,1,0,-1,16,0,bye_musical
15,10,39,0,0,0,1,1,0,9,0,byebye_normal
15,10,53,0,0,0,1,0,0,26,0,dash_musical
15,10,65,0,0,1,1,0,-2,16,0,guide_giant
15,10,88,0,0,0,0,0,0,25,0,run_sad
15,10,99,0,0,0,0,0,0,3,0,walk_normal_1
15,10,106,0,0,0,0,0,0,4,0,walk_angry_2
15,10,108,0,0,0,-1,-1,-1,9,0,walk_chimpira_2
16,10,24,0,-2,3,-3,3,-3,42,0,bye_normal
16,10,41,0,-1,3,1,3,1,40,0,byebye_old
16,10,69,0,3,3,-3,3,-3,25,0,guide_normal
16,10,74,0,1,3,-3,-3,2,29,0,guide_tired
16,10,78,0,3,3,3,1,3,88,0,run_chimpira
16,10,83,0,3,-2,3,-1,3,25,0,run_musical
16,10,90,0,3,3,-3,3,-3,23,0,walk_active_1
16,10,102,0,1,2,2,-1,-2,33,0,walk_proud_1
16,10,112,0,-3,3,-3,3,-3,23,0,walk_masculinity_2
16,10,114,0,-1,1,-3,3,-3,68,0,walk_normal_2
17,10,8,0,1,3,-3,2,-3,17,0,bow_musical
17,10,16,0,2,-3,3,-1,1,28,0,bye_angry
17,10,26,0,-3,-1,1,2,-1,26,0,bye_old
17,10,38,0,2,-2,3,-1,-1,23,0,byebye_musical
17,10,59,0,2,-2,2,-1,2,34,0,dash_tired
17,10,65,0,-1,2,-1,1,-1,34,0,guide_giant
17,10,67,0,-2,2,-2,1,-1,18,0,guide_masculinity
17,10,72,0,1,-2,1,-2,2,16,0,guide_proud
17,10,102,0,1,-2,-2,-1,-2,19,0,walk_proud_1
17,10,126,0,1,3,-2,-2,2,16,0,slash_normal_1
18,10,4,0,-1,1,1,2,-1,23,0,bow_feminine
18,10,18,0,2,-2,2,2,1,37,0,bye_chimpira
18,10,19,0,1,-3,1,2,2,15,0,bye_feminine
18,10,62,0,3,1,1,-1,1,18,0,guide_childish
18,10,69,0,2,1,1,1,-2,16,0,guide_normal
18,10,78,0,-1,-2,1,-1,1,15,0,run_chimpira
18,10,96,0,0,-3,2,-1,2,12,0,walk_happy_1
18,10,104,0,-2,2,-2,-1,2,12,0,walk_tired_1
18,10,107,0,3,-3,2,1,2,15,0,walk_childish_2
18,10,115,0,-2,2,-3,-1,3,14,0,walk_not_confident_2
19,10,2,0,1,-3,2,2,1,12,0,bow_childish
19,10,4,0,-2,2,1,2,-3,16,0,bow_feminine
19,10,7,0,-2,3,-1,-2,-3,16,0,bow_masculinity
19,10,17,0,3,-3,3,3,3,15,0,bye_childish
19,10,23,0,-1,2,3,-1,1,22,0,bye_musical
19,10,33,0,2,-1,2,3,1,17,0,byebye_chimpira
19,10,43,0,1,2,-3,3,-2,45,0,byebye_sad
19,10,48,0,2,-3,3,2,2,41,0,dash_chimpira
19,10,94,0,-3,3,2,-2,-2,13,0,walk_feminine_1
19,10,108,0,-2,-2,1,-2,2,23,0,walk_chimpira_2
20,10,6,0,-1,3,-1,2,-3,15,0,bow_happy
20,10,8,0,-1,2,1,2,-1,20,0,bow_musical
20,10,47,0,2,-3,1,-1,1,31,0,dash_childish
20,10,51,0,3,-1,3,3,3,14,0,dash_happy
20,10,55,0,1,1,1,-1,2,14,0,dash_not_confident
20,10,79,0,3,-1,3,3,1,39,0,run_feminine
20,10,92,0,-1,-3,1,-3,1,14,0,walk_childish_1
20,10,111,0,3,-1,3,3,1,22,0,walk_happy_2
20,10,115,0,-1,-1,-2,-1,3,31,0,walk_not_confident_2
20,10,123,0,-1,3,-1,-3,1,14,0,punch_normal_1
21,10,3,0,-1,2,-2,1,-1,22,0,bow_chimpira
21,10,26,0,-2,2,1,1,-2,20,0,bye_old
21,10,31,0,1,-1,3,-1,2,19,0,byebye_angry
21,10,37,0,1,-1,3,2,0,27,0,byebye_masculinity
21,10,40,0,-2,1,-1,-1,2,22,0,byebye_not_confident
21,10,42,0,2,-1,2,-1,2,17,0,byebye_proud
21,10,63,0,1,1,-1,3,-2,28,0,guide_chimpira
21,10,75,0,2,2,1,2,-1,17,0,run_active
21,10,95,0,0,-1,1,-2,2,17,0,walk_giant_1
21,10,108,0,0,-2,2,-2,1,57,0,walk_chimpira_2
22,10,19,0,-1,-1,2,1,1,23,0,bye_feminine
22,10,28,0,0,1,-3,1,1,23,0,bye_sad
22,10,46,0,-2,-2,-3,-1,3,20,0,dash_angry
22,10,66,0,1,-1,3,3,1,35,0,guide_happy
22,10,68,0,2,2,1,2,-2,19,0,guide_musical
22,10,73,0,2,1,-1,2,-3,35,0,guide_sad
22,10,99,0,1,3,-1,-1,-1,23,0,walk_normal_1
22,10,104,0,-1,2,-3,-2,-2,17,0,walk_tired_1
22,10,107,0,1,-3,3,2,-2,18,0,walk_childish_2
22,10,108,0,-1,-2,2,-3,2,22,0,walk_chimpira_2
23,10,25,0,-1,2,-3,2,-2,37,0,bye_not_confident
23,10,32,0,2,-1,2,-2,2,40,0,byebye_childish
23,10,34,0,-2,2,3,1,-1,24,0,byebye_feminine
23,10,79,0,2,-2,1,2,-2,47,0,run_feminine
23,10,94,0,2,1,-2,-2,1,51,0,walk_feminine_1
23,10,121,0,-2,2,-1,2,-1,21,0,call_normal_2
24,10,13,0,-1,2,-3,2,-2,15,0,bow_sad
24,10,14,0,2,-3,1,1,1,33,0,bow_tired
24,10,26,0,-1,1,1,2,-2,28,0,bye_old
24,10,33,0,2,2,3,3,1,15,0,byebye_chimpira
24,10,40,0,-2,-2,-2,1,3,16,0,byebye_not_confident
24,10,61,0,3,1,3,2,1,22,0,guide_angry
24,10,71,0,1,3,2,3,-2,18,0,guide_old
24,10,89,0,-1,-3,-1,-1,3,22,0,run_tired
24,10,90,0,-2,3,-2,-2,-1,15,0,walk_active_1
24,10,102,0,1,2,2,-1,-2,31,0,walk_proud_1
25,10,13,0,2,3,-2,2,-2,17,0,bow_sad
25,10,21,0,2,-1,2,2,-1,81,0,bye_happy
25,10,25,0,-2,2,-3,2,2,10,0,bye_not_confident
25,10,29,0,1,-2,1,2,-2,13,0,bye_tired
25,10,39,0,1,-2,2,2,2,12,0,byebye_normal
25,10,45,0,-2,-2,1,-1,1,8,0,dash_active
25,10,67,0,1,2,-1,1,-2,11,0,guide_masculinity
25,10,106,0,-1,-1,-2,-1,1,13,0,walk_angry_2
25,10,114,0,1,1,-1,2,-2,57,0,walk_normal_2
25,10,115,0,-1,-1,-3,1,2,12,0,walk_not_confident_2
26,10,15,0,-1,1,1,1,-2,13,0,bye_active
26,10,18,0,3,-2,3,3,0,39,0,bye_chimpira
26,10,34,0,1,-1,2,1,2,18,0,byebye_feminine
26,10,50,0,-1,1,3,1,0,17,0,dash_giant
26,10,98,0,3,-1,3,1,1,21,0,walk_musical_1
26,10,110,0,-1,1,-1,-1,0,20,0,walk_giant_2
26,10,111,0,1,-1,3,1,-1,15,0,walk_happy_2
26,10,113,0,2,-1,3,1,1,15,0,walk_musical_2
26,10,119,0,-1,-1,-3,1,1,17,0,walk_tired_2
26,10,127,0,-2,2,1,1,-2,20,0,slash_normal_2
27,10,23,0,3,1,3,-2,-3,25,0,bye_musical
27,10,27,0,2,-1,3,-2,2,17,0,bye_proud
27,10,45,0,3,2,3,-2,-3,18,0,dash_active
27,10,55,0,-3,2,3,-1,3,28,0,dash_not_confident
27,10,67,0,-2,2,-3,3,-3,27,0,guide_masculinity
27,10,74,0,-2,-2,3,-3,3,25,0,guide_tired
27,10,85,0,3,3,-2,0,-2,43,0,run_not_confident
27,10,100,0,-1,3,-3,3,1,20,0,walk_not_confident_1
27,10,120,0,3,-3,3,-2,3,25,0,call_normal_1
27,10,126,0,3,3,3,-1,-2,25,0,slash_normal_1
28,10,3,0,-2,-1,-1,-1,-2,12,0,bow_chimpira
28,10,11,0,-1,-1,-1,-1,-3,9,0,bow_old
28,10,23,0,-1,1,1,1,1,9,0,bye_musical
28,10,31,0,1,1,3,2,1,11,0,byebye_angry
28,10,43,0,1,-2,2,1,-2,17,0,byebye_sad
28,10,61,0,1,1,-1,-1,-1,12,0,guide_angry
28,10,72,0,0,-1,2,-2,-2,13,0,guide_proud
28,10,100,0,-1,2,-3,-2,3,12,0,walk_not_confident_1
28,10,105,0,1,-1,2,1,-1,11,0,walk_active_2
28,10,125,0,-1,-1,1,-2,-2,15,0,respond_normal
29,10,0,0,-2,2,-1,1,-1,20,0,bow_active
29,10,2,0,-2,-2,3,-2,2,11,0,bow_childish
29,10,6,0,-1,2,-2,2,-2,32,0,bow_happy
29,10,9,0,-3,2,-1,-1,-1,11,0,bow_normal
29,10,50,0,-1,-1,1,0,1,15,0,dash_giant
29,10,52,0,0,2,1,0,-2,28,0,dash_masculinity
29,10,80,0,-1,-1,1,-1,1,15,0,run_giant
29,10,81,0,-1,1,-2,-2,2,13,0,run_happy
29,10,96,0,1,-1,3,2,1,30,0,walk_happy_1
29,10,110,0,-2,-2,2,-2,2,13,0,walk_giant_2
30,10,6,0,3,3,-3,3,-3,12,0,bow_happy
30,10,13,0,2,3,-3,3,-3,11,0,bow_sad
30,10,49,0,-2,-3,3,1,-1,12,0,dash_feminine
30,10,61,0,3,-2,3,2,1,13,0,guide_angry
30,10,64,0,2,2,-2,2,-3,14,0,guide_feminine
30,10,70,0,1,1,-3,1,-1,12,0,guide_not_confident
30,10,74,0,-3,-3,2,-3,3,32,0,guide_tired
30,10,92,0,1,-2,2,2,1,15,0,walk_childish_1
30,10,94,0,1,2,1,-2,3,9,0,walk_feminine_1
30,10,108,0,-1,-1,-1,-2,2,45,0,walk_chimpira_2
31,10,3,0,-1,2,-2,1,-2,17,0,bow_chimpira
31,10,18,0,2,1,2,2,1,20,0,bye_chimpira
31,10,27,0,1,1,1,1,-1,11,0,bye_proud
31,10,32,0,-2,-1,1,-2,1,10,0,byebye_childish
31,10,46,0,1,1,3,0,1,19,0,dash_angry
31,10,51,0,1,-2,2,1,1,11,0,dash_happy
31,10,68,0,1,1,-1,-1,1,19,0,guide_musical
31,10,74,0,-2,2,-2,0,0,12,0,guide_tired
31,10,81,0,1,-1,2,1,-1,16,0,run_happy
31,10,101,0,-2,2,-3,-1,-2,19,0,walk_old_1
32,10,2,0,1,-3,3,2,0,14,0,bow_childish
32,10,5,0,-1,3,-2,1,-3,15,0,bow_giant
32,10,11,0,-2,3,-3,1,-3,14,0,bow_old
32,10,22,0,-1,2,-1,1,-2,76,0,bye_masculinity
32,10,32,0,1,-2,3,0,1,46,0,byebye_childish
32,10,34,0,1,-1,1,1,-1,19,0,byebye_feminine
32,10,84,0,0,0,-1,1,-1,22,0,run_normal
32,10,86,0,0,-1,1,1,0,16,0,run_old
32,10,106,0,1,1,-2,1,-2,16,0,walk_angry_2
32,10,126,0,1,3,-1,-1,-3,17,0,slash_normal_1
33,10,9,0,-1,1,1,1,-2,294,0,bow_normal
33,10,14,0,-2,-2,-1,3,-3,20,0,bow_tired
33,10,52,0,2,1,1,-2,-2,6,0,dash_masculinity
33,10,62,0,-2,-1,-1,-1,-2,29,0,guide_childish
33,10,69,0,2,2,1,-2,-2,7,0,guide_normal
33,10,74,0,1,-1,2,-2,2,19,0,guide_tired
33,10,80,0,-1,-1,-1,2,2,6,0,run_giant
33,10,113,0,-2,-2,2,-2,1,5,0,walk_musical_2
33,10,114,0,-1,-1,-2,2,-1,17,0,walk_normal_2
33,10,124,0,-2,2,1,-2,1,8,0,punch_normal_2
34,10,1,0,-1,-2,2,-2,2,16,0,bow_angry
34,10,4,0,2,2,-1,-1,-2,17,0,bow_feminine
34,10,12,0,-3,1,-2,-3,-3,21,0,bow_proud
34,10,15,0,3,-1,3,3,2,14,0,bye_active
34,10,16,0,1,1,1,2,1,20,0,bye_angry
34,10,23,0,1,1,1,-2,-1,29,0,bye_musical
34,10,63,0,-1,1,1,2,-1,25,0,guide_chimpira
34,10,88,0,-2,0,-1,1,0,28,0,run_sad
34,10,100,0,-2,0,-3,-2,2,38,0,walk_not_confident_1
34,10,126,0,3,3,-2,-1,-3,22,0,slash_normal_1
35,10,9,0,-1,1,-1,1,-1,16,0,bow_normal
35,10,28,0,-1,-1,-1,1,-1,12,0,bye_sad
35,10,47,0,-1,-1,1,2,1,31,0,dash_childish
35,10,52,0,2,1,1,1,-1,14,0,dash_masculinity
35,10,58,0,-1,-1,2,1,1,23,0,dash_sad
35,10,59,0,-1,-1,1,1,1,13,0,dash_tired
35,10,71,0,-1,-1,-1,0,-1,18,0,guide_old
35,10,77,0,-1,-1,1,1,1,58,0,run_childish
35,10,98,0,1,1,1,1,-1,13,0,walk_musical_1
35,10,116,0,-1,1,-1,0,1,15,0,walk_old_2
36,10,42,0,1,-3,2,-2,2,14,0,byebye_proud
36,10,43,0,-1,3,-3,2,-1,10,0,byebye_sad
36,10,65,0,1,1,-2,1,-2,32,0,guide_giant
36,10,68,0,1,1,1,-2,-1,18,0,guide_musical
36,10,69,0,-1,1,-1,1,-2,10,0,guide_normal
36,10,76,0,2,-2,2,-2,1,34,0,run_angry
36,10,82,0,1,1,3,-1,-1,14,0,run_masculinity
36,10,100,0,-2,2,-3,2,-3,31,0,walk_not_confident_1
36,10,119,0,-1,-1,-2,-2,3,16,0,walk_tired_2
36,10,124,0,1,3,3,-3,2,12,0,punch_normal_2
37,10,6,0,-3,3,1,2,-3,10,0,bow_happy
37,10,17,0,2,-2,3,2,1,15,0,bye_childish
37,10,21,0,-1,3,-1,2,-3,17,0,bye_happy
37,10,31,0,3,-3,3,2,2,9,0,byebye_angry
37,10,35,0,2,-2,1,3,-1,12,0,byebye_giant
37,10,39,0,3,2,2,-2,-1,11,0,byebye_normal
37,10,99,0,-2,3,-3,-1,-3,6,0,walk_normal_1
37,10,103,0,-2,3,-2,-1,-2,15,0,walk_sad_1
37,10,115,0,1,-1,2,1,3,12,0,walk_not_confident_2
37,10,124,0,-2,2,-1,-2,-1,13,0,punch_normal_2
38,10,17,0,-1,-3,3,-3,3,22,0,bye_childish
38,10,25,0,-3,3,-3,-1,-3,31,0,bye_not_confident
38,10,56,0,-1,-3,-1,-1,3,17,0,dash_old
38,10,57,0,-1,-3,-2,-1,1,20,0,dash_proud
38,10,60,0,2,2,3,-2,-2,26,0,guide_active
38,10,65,0,-1,2,-2,-1,1,19,0,guide_giant
38,10,68,0,-3,3,-3,3,-3,13,0,guide_musical
38,10,99,0,-1,2,-1,1,-2,17,0,walk_normal_1
38,10,114,0,-1,3,-1,1,-3,20,0,walk_normal_2
38,10,122,0,1,2,2,-2,1,17,0,kick_normal
39,10,0,0,-2,2,1,1,-2,14,0,bow_active
39,10,1,0,-3,3,-2,-2,-2,16,0,bow_angry
39,10,32,0,2,-3,3,3,2,12,0,byebye_childish
39,10,42,0,1,-1,3,3,-2,18,0,byebye_proud
39,10,70,0,-2,0,-3,2,3,21,0,guide_not_confident
39,10,73,0,0,1,-3,0,-2,14,0,guide_sad
39,10,79,0,2,-2,3,3,-2,12,0,run_feminine
39,10,92,0,1,-2,3,2,-2,34,0,walk_childish_1
39,10,110,0,-2,-3,-1,-2,2,17,0,walk_giant_2
39,10,119,0,-1,1,-3,-3,3,13,0,walk_tired_2
40,10,14,0,-3,0,-3,-3,3,10,0,bow_tired
40,10,17,0,3,-2,3,3,-3,9,0,bye_childish
40,10,25,0,-3,3,-3,3,-3,11,0,bye_not_confident
40,10,35,0,-3,3,-2,2,-3,28,0,byebye_giant
40,10,55,0,-2,0,-2,-1,2,22,0,dash_not_confident
40,10,57,0,3,3,2,3,-3,13,0,dash_proud
40,10,86,0,-2,2,-3,2,-3,83,0,run_old
40,10,96,0,3,2,3,3,-3,24,0,walk_happy_1
40,10,104,0,-3,0,-3,-2,3,10,0,walk_tired_1
40,10,122,0,-3,1,-1,-2,3,20,0,kick_normal
41,10,7,0,1,1,-2,2,-2,42,0,bow_masculinity
41,10,13,0,-3,3,-3,3,-3,32,0,bow_sad
41,10,16,0,-2,2,-2,2,-2,35,0,bye_angry
41,10,21,0,-3,3,-3,3,-3,30,0,bye_happy
41,10,35,0,-1,1,1,-1,1,78,0,byebye_giant
41,10,53,0,-1,1,1,1,-1,59,0,dash_musical
41,10,60,0,1,1,-1,1,-1,42,0,guide_active
41,10,90,0,-1,1,1,1,-1,66,0,walk_active_1
41,10,93,0,-2,-2,2,-2,3,44,0,walk_chimpira_1
41,10,110,0,1,1,1,-1,-1,113,0,walk_giant_2
42,10,2,0,0,0,-1,-2,2,37,0,bow_childish
42,10,30,0,3,-2,3,0,1,47,0,byebye_active
42,10,41,0,0,1,-1,2,1,27,0,byebye_old
42,10,46,0,0,0,1,0,1,17,0,dash_angry
42,10,50,0,-1,0,0,1,1,29,0,dash_giant
42,10,58,0,0,0,0,1,2,21,0,dash_sad
42,10,71,0,1,2,0,3,-3,18,0,guide_old
42,10,92,0,3,-2,0,0,0,30,0,walk_childish_1
42,10,99,0,1,1,1,0,0,22,0,walk_normal_1
42,10,101,0,0,0,-1,0,-1,20,0,walk_old_1
43,10,10,0,-2,-1,0,0,2,51,0,bow_not_confident
43,10,14,0,1,-3,1,2,3,20,0,bow_tired
43,10,19,0,2,2,3,-1,-3,25,0,bye_feminine
43,10,50,0,-1,1,1,2,0,17,0,dash_giant
43,10,52,0,2,-1,-3,1,-2,64,0,dash_masculinity
43,10,55,0,-2,-1,-2,-1,1,17,0,dash_not_confident
43,10,64,0,2,2,0,1,-3,19,0,guide_feminine
43,10,90,0,0,2,0,1,-3,17,0,walk_active_1
43,10,101,0,-2,1,-2,-2,-1,20,0,walk_old_1
43,10,114,0,1,3,-1,-1,0,15,0,walk_normal_2
44,10,36,0,1,-3,3,3,2,16,0,byebye_happy
44,10,57,0,1,-1,3,-2,2,16,0,dash_proud
44,10,63,0,2,2,-2,-3,-1,14,0,guide_chimpira
44,10,66,0,2,2,3,3,-1,15,0,guide_happy
44,10,67,0,1,3,2,-1,-2,28,0,guide_masculinity
44,10,82,0,-1,1,-2,-2,-2,14,0,run_masculinity
44,10,110,0,-3,-1,-3,-3,2,21,0,walk_giant_2
44,10,111,0,2,-1,1,2,-1,18,0,walk_happy_2
44,10,122,0,-2,2,-1,-2,1,20,0,kick_normal
44,10,125,0,-3,-1,2,1,-2,19,0,respond_normal
45,10,5,0,0,2,-1,-1,-2,15,0,bow_giant
45,10,14,0,-2,0,0,0,-2,19,0,bow_tired
45,10,18,0,2,0,1,2,-1,17,0,bye_chimpira
45,10,31,0,-2,-3,3,3,3,10,0,byebye_angry
45,10,36,0,-1,-1,2,-1,2,14,0,byebye_happy
45,10,43,0,0,1,-2,1,0,20,0,byebye_sad
45,10,51,0,2,-1,2,2,1,11,0,dash_happy
45,10,57,0,2,1,2,2,2,14,0,dash_proud
45,10,64,0,-1,1,2,0,-1,14,0,guide_feminine
45,10,121,0,0,2,-1,-1,-1,14,0,call_normal_2
46,10,3,0,2,1,-1,1,2,11,0,bow_chimpira
46,10,12,0,-1,3,-3,-3,-2,18,0,bow_proud
46,10,14,0,-3,-2,2,-1,1,15,0,bow_tired
46,10,45,0,2,-3,3,3,-2,17,0,dash_active
46,10,62,0,-3,3,-3,-3,-3,16,0,guide_childish
46,10,67,0,2,3,2,2,-3,32,0,guide_masculinity
46,10,82,0,-1,1,-1,1,-3,12,0,run_masculinity
46,10,91,0,2,3,-1,-3,1,17,0,walk_angry_1
46,10,101,0,2,-1,1,1,-3,19,0,walk_old_1
46,10,120,0,1,-3,2,2,1,24,0,call_normal_1
47,10,6,0,1,3,-2,2,-3,22,0,bow_happy
47,10,8,0,-2,2,-1,-1,-2,20,0,bow_musical
47,10,19,0,-1,-1,-2,-2,1,22,0,bye_feminine
47,10,37,0,3,-2,2,2,-1,15,0,byebye_masculinity
47,10,40,0,-3,-2,-3,-3,3,16,0,byebye_not_confident
47,10,48,0,3,-2,2,1,2,29,0,dash_chimpira
47,10,63,0,2,1,1,3,-2,21,0,guide_chimpira
47,10,66,0,1,-2,3,2,-1,23,0,guide_happy
47,10,87,0,3,-1,1,1,1,19,0,run_proud
47,10,118,0,-1,2,-2,-2,1,28,0,walk_sad_2
48,10,0,0,-1,3,-2,-2,-1,14,0,bow_active
48,10,24,0,2,1,-1,3,-2,25,0,bye_normal
48,10,30,0,1,-2,2,2,1,18,0,byebye_active
48,10,32,0,2,-2,3,3,1,23,0,byebye_childish
48,10,53,0,1,-2,3,-1,3,28,0,dash_musical
48,10,62,0,3,1,2,1,1,18,0,guide_childish
48,10,79,0,3,-2,2,1,1,36,0,run_feminine
48,10,81,0,1,-2,3,3,1,21,0,run_happy
48,10,92,0,-2,-2,-1,1,-3,17,0,walk_childish_1
48,10,94,0,2,1,-1,-2,2,26,0,walk_feminine_1
49,10,1,0,-3,2,-2,3,-3,20,0,bow_angry
49,10,7,0,-2,3,-2,2,-3,36,0,bow_masculinity
49,10,15,0,2,-1,2,2,1,20,0,bye_active
49,10,16,0,2,-2,3,1,2,18,0,bye_angry
49,10,30,0,1,-2,3,2,3,20,0,byebye_active
49,10,39,0,2,-1,2,2,1,21,0,byebye_normal
49,10,50,0,-2,-2,2,1,2,26,0,dash_giant
49,10,80,0,-2,1,-2,1,-2,16,0,run_giant
49,10,117,0,2,-2,1,2,1,17,0,walk_proud_2
49,10,122,0,-1,3,1,-1,-1,20,0,kick_normal
50,10,35,0,2,2,3,2,-2,10,0,byebye_giant
50,10,40,0,-3,3,-3,-3,3,7,0,byebye_not_confident
50,10,42,0,3,-1,3,3,-2,17,0,byebye_proud
50,10,63,0,-2,3,0,-2,-3,11,0,guide_chimpira
50,10,72,0,-3,2,-2,2,-3,10,0,guide_proud
50,10,79,0,2,-1,3,3,1,13,0,run_feminine
50,10,81,0,3,-3,3,3,-2,12,0,run_happy
50,10,82,0,-2,3,3,1,-3,8,0,run_masculinity
50,10,109,0,2,-2,1,1,2,13,0,walk_feminine_2
50,10,112,0,-1,1,-1,1,-1,10,0,walk_masculinity_2
51,10,8,0,1,1,-3,2,-2,20,0,bow_musical
51,10,14,0,2,1,1,2,-1,29,0,bow_tired
51,10,16,0,0,-1,3,3,1,17,0,bye_angry
51,10,30,0,1,1,2,2,1,16,0,byebye_active
51,10,40,0,1,-2,-3,-1,2,18,0,byebye_not_confident
51,10,43,0,-1,-1,-3,0,-1,18,0,byebye_sad
51,10,44,0,1,0,1,1,0,16,0,byebye_tired
51,10,59,0,1,1,1,0,-1,28,0,dash_tired
51,10,71,0,1,1,2,2,-2,17,0,guide_old
51,10,92,0,1,-3,3,3,1,12,0,walk_childish_1
52,10,20,0,-1,1,-2,2,-2,11,0,bye_giant
52,10,23,0,2,-2,1,3,-1,15,0,bye_musical
52,10,37,0,2,-3,3,3,-1,17,0,byebye_masculinity
52,10,43,0,1,-3,-1,-2,-3,16,0,byebye_sad
52,10,49,0,-1,1,1,1,-2,14,0,dash_feminine
52,10,51,0,2,1,1,-2,-1,25,0,dash_happy
52,10,60,0,3,-3,2,2,2,13,0,guide_active
52,10,64,0,2,-2,1,2,-1,10,0,guide_feminine
52,10,74,0,-1,-1,-1,-3,-1,12,0,guide_tired
52,10,90,0,-2,2,-1,-3,3,10,0,walk_active_1
53,10,0,0,-1,2,-3,2,-3,14,0,bow_active
53,10,3,0,-2,1,-3,-2,-1,10,0,bow_chimpira
53,10,5,0,-1,3,-3,-2,-3,59,0,bow_giant
53,10,15,0,1,2,2,2,-1,16,0,bye_active
53,10,22,0,2,2,0,1,-3,13,0,bye_masculinity
53,10,36,0,1,-1,2,-2,1,15,0,byebye_happy
53,10,57,0,2,-3,1,-1,3,13,0,dash_proud
53,10,73,0,-2,1,-2,-1,-2,13,0,guide_sad
53,10,95,0,1,-1,1,-2,1,24,0,walk_giant_1
53,10,106,0,-2,1,-2,0,-1,15,0,walk_angry_2
54,10,20,0,0,0,-1,1,-1,20,0,bye_giant
54,10,40,0,-1,-2,2,1,2,20,0,byebye_not_confident
54,10,42,0,0,1,1,3,-2,17,0,byebye_proud
54,10,55,0,0,1,1,-1,-1,19,0,dash_not_confident
54,10,80,0,0,-1,-1,1,0,13,0,run_giant
54,10,90,0,1,1,-2,1,-2,28,0,walk_active_1
54,10,94,0,1,1,2,-1,-2,16,0,walk_feminine_1
54,10,114,0,0,1,0,0,-2,16,0,walk_normal_2
54,10,120,0,2,-1,2,-1,1,29,0,call_normal_1
54,10,121,0,1,-1,1,-1,1,20,0,call_normal_2
55,10,0,0,-1,1,-2,-1,-1,12,0,bow_active
55,10,4,0,-1,1,-2,-1,-1,14,0,bow_feminine
55,10,23,0,0,0,1,1,-1,23,0,bye_musical
55,10,28,0,-2,0,-3,-2,2,10,0,bye_sad
55,10,38,0,-1,0,2,0,1,16,0,byebye_musical
55,10,52,0,0,-1,-2,0,3,11,0,dash_masculinity
55,10,66,0,1,2,-1,0,-2,21,0,guide_happy
55,10,77,0,-1,-2,-1,-1,1,11,0,run_childish
55,10,87,0,0,0,1,1,-1,14,0,run_proud
55,10,107,0,2,2,2,2,-2,16,0,walk_childish_2
56,10,16,0,1,-1,1,2,-1,29,0,bye_angry
56,10,29,0,0,-1,2,3,-1,12,0,bye_tired
56,10,61,0,1,-1,1,1,2,42,0,guide_angry
56,10,62,0,1,1,2,1,-1,21,0,guide_childish
56,10,65,0,1,1,3,2,-2,15,0,guide_giant
56,10,76,0,0,-2,-1,1,1,18,0,run_angry
56,10,90,0,-1,-2,2,1,-2,17,0,walk_active_1
56,10,106,0,-1,2,-1,-2,-2,13,0,walk_angry_2
56,10,119,0,0,-1,-2,1,1,25,0,walk_tired_2
56,10,126,0,-2,2,-1,-1,-2,29,0,slash_normal_1
57,10,12,0,2,3,-3,1,-3,21,0,bow_proud
57,10,17,0,-2,-3,3,2,2,30,0,bye_childish
57,10,19,0,2,2,-1,-1,-2,27,0,bye_feminine
57,10,21,0,-1,2,-2,2,-2,25,0,bye_happy
57,10,34,0,-1,1,-1,-1,-1,39,0,byebye_feminine
57,10,83,0,3,-2,3,2,1,29,0,run_musical
57,10,111,0,2,-1,1,1,-2,37,0,walk_happy_2
57,10,113,0,2,1,3,-1,1,54,0,walk_musical_2
57,10,122,0,2,3,-3,-2,-3,33,0,kick_normal
57,10,127,0,-1,2,-1,-1,-2,54,0,slash_normal_2
58,10,6,0,2,2,-2,1,-1,32,0,bow_happy
58,10,14,0,0,-3,-1,-2,1,35,0,bow_tired
58,10,45,0,1,2,2,1,-1,24,0,dash_active
58,10,47,0,1,-1,1,1,2,21,0,dash_childish
58,10,54,0,-2,-3,0,-1,3,27,0,dash_normal
58,10,58,0,0,-1,2,1,2,22,0,dash_sad
58,10,76,0,-3,-3,-3,-3,3,44,0,run_angry
58,10,78,0,-2,-2,-3,-3,-2,73,0,run_chimpira
58,10,84,0,-3,-3,-2,-2,3,28,0,run_normal
58,10,99,0,-3,-1,-2,0,1,26,0,walk_normal_1
58,10,116,0,0,0,-3,0,-3,29,0,walk_old_2
59,10,6,0,-2,3,-1,1,-2,16,0,bow_happy
59,10,11,0,1,3,-1,3,-2,17,0,bow_old
59,10,33,0,1,1,2,3,-1,16,0,byebye_chimpira
59,10,35,0,1,-1,-2,3,-1,15,0,byebye_giant
59,10,44,0,2,2,2,2,-2,28,0,byebye_tired
59,10,45,0,0,0,0,0,0,0,0,dash_active
59,10,59,0,2,-1,1,-1,1,19,0,dash_tired
59,10,67,0,-1,2,-1,1,-2,14,0,guide_masculinity
59,10,70,0,-2,2,-2,2,-3,64,0,guide_not_confident
59,10,92,0,3,-1,3,3,1,13,0,walk_childish_1
60,10,29,0,1,1,2,2,-3,15,0,bye_tired
60,10,48,0,3,-3,3,3,1,19,0,dash_chimpira
60,10,64,0,3,3,-1,2,-3,26,0,guide_feminine
60,10,66,0,2,1,3,1,-3,18,0,guide_happy
60,10,89,0,-3,-2,-1,3,1,46,0,run_tired
60,10,103,0,1,3,-3,-1,-1,19,0,walk_sad_1
60,10,106,0,1,1,1,1,-1,20,0,walk_angry_2
60,10,112,0,-3,1,-1,-1,-3,14,0,walk_masculinity_2
60,10,123,0,-1,3,1,-3,-1,18,0,punch_normal_1
60,10,126,0,1,3,-3,-2,-1,17,0,slash_normal_1
61,10,4,0,1,1,1,-1,-1,26,0,bow_feminine
61,10,11,0,1,3,-3,3,-3,21,0,bow_old
61,10,17,0,3,-3,3,3,-1,15,0,bye_childish
61,10,18,0,-1,-1,0,1,0,17,0,bye_chimpira
61,10,58,0,-1,-1,1,-1,-1,12,0,dash_sad
61,10,87,0,-1,-3,1,1,0,108,0,run_proud
61,10,96,0,0,1,-1,1,-1,8,0,walk_happy_1
61,10,99,0,-1,-1,1,-1,-1,13,0,walk_normal_1
61,10,115,0,0,2,-3,1,3,12,0,walk_not_confident_2
61,10,120,0,1,0,2,1,0,41,0,call_normal_1
62,10,4,0,1,-1,1,1,-1,13,0,bow_feminine
62,10,33,0,2,1,2,2,-1,11,0,byebye_chimpira
62,10,48,0,3,-2,2,3,-2,24,0,dash_chimpira
62,10,53,0,-1,2,1,-2,-2,16,0,dash_musical
62,10,66,0,1,2,1,2,-1,15,0,guide_happy
62,10,68,0,0,1,1,1,-1,14,0,guide_musical
62,10,77,0,-1,1,2,1,-1,9,0,run_childish
62,10,95,0,1,1,1,-1,1,14,0,walk_giant_1
62,10,103,0,-1,1,-1,-1,-1,33,0,walk_sad_1
62,10,104,0,-1,-1,-2,-1,1,10,0,walk_tired_1
63,10,1,0,-1,0,-2,1,-1,24,0,bow_angry
63,10,6,0,0,2,-2,2,-1,17,0,bow_happy
63,10,8,0,2,2,-2,2,-2,11,0,bow_musical
63,10,17,0,3,-1,3,2,1,13,0,bye_childish
63,10,26,0,0,0,-1,1,-2,13,0,bye_old
63,10,41,0,-1,1,0,1,-1,12,0,byebye_old
63,10,48,0,1,-1,1,0,1,22,0,dash_chimpira
63,10,74,0,1,1,2,-1,1,111,0,guide_tired
63,10,96,0,3,2,2,3,-2,64,0,walk_happy_1
63,10,123,0,1,2,2,-1,1,11,0,punch_normal_1
64,10,7,0,-3,2,3,3,-3,7,0,bow_masculinity
64,10,20,0,-1,-2,3,3,-2,8,0,bye_giant
64,10,43,0,1,3,2,2,-3,11,0,byebye_sad
64,10,49,0,-2,3,1,-1,-1,12,0,dash_feminine
64,10,78,0,3,-3,3,1,2,10,0,run_chimpira
64,10,93,0,-3,-3,3,-3,3,8,0,walk_chimpira_1
64,10,108,0,-2,-2,-2,-2,3,12,0,walk_chimpira_2
64,10,117,0,3,3,3,-3,2,6,0,walk_proud_2
64,10,122,0,2,3,2,2,-1,10,0,kick_normal
64,10,124,0,1,3,3,2,2,10,0,punch_normal_2
65,10,2,0,1,-2,1,1,1,39,0,bow_childish
65,10,15,0,-2,-1,3,1,3,24,0,bye_active
65,10,34,0,-1,1,1,2,-3,40,0,byebye_feminine
65,10,45,0,3,1,3,3,-2,31,0,dash_active
65,10,54,0,-2,-1,3,0,3,27,0,dash_normal
65,10,59,0,-1,-3,1,-2,2,22,0,dash_tired
65,10,67,0,2,1,1,2,-2,70,0,guide_masculinity
65,10,86,0,-2,-1,1,1,2,49,0,run_old
65,10,90,0,-1,0,-2,-2,1,31,0,walk_active_1
65,10,120,0,-1,1,2,1,0,51,0,call_normal_1
66,10,7,0,-3,2,-3,2,-3,13,0,bow_masculinity
66,10,14,0,-2,-3,-2,1,3,34,0,bow_tired
66,10,22,0,1,2,1,3,-3,14,0,bye_masculinity
66,10,50,0,1,2,2,2,-2,25,0,dash_giant
66,10,54,0,3,3,3,2,-2,20,0,dash_normal
66,10,57,0,1,3,3,-2,3,29,0,dash_proud
66,10,97,0,2,2,-2,-2,-3,15,0,walk_masculinity_1
66,10,98,0,3,-2,3,3,2,19,0,walk_musical_1
66,10,110,0,2,-3,2,-2,2,40,0,walk_giant_2
66,10,126,0,-3,3,-2,-2,-3,18,0,slash_normal_1
67,10,3,0,0,2,-2,1,-1,20,0,bow_chimpira
67,10,31,0,0,-2,3,-3,2,31,0,byebye_angry
67,10,36,0,-1,2,2,2,1,11,0,byebye_happy
67,10,46,0,-2,-2,3,-2,2,13,0,dash_angry
67,10,61,0,1,2,2,2,-2,13,0,guide_angry
67,10,84,0,2,3,-2,2,-2,13,0,run_normal
67,10,87,0,-1,1,2,2,-3,19,0,run_proud
67,10,98,0,3,1,3,3,2,12,0,walk_musical_1
67,10,102,0,1,1,-3,1,-1,23,0,walk_proud_1
67,10,110,0,-2,-2,2,-2,2,13,0,walk_giant_2
68,10,15,0,1,-2,2,2,-2,19,0,bye_active
68,10,27,0,2,-2,-3,2,-2,12,0,bye_proud
68,10,35,0,-2,-2,2,-2,1,18,0,byebye_giant
68,10,50,0,-2,2,3,-3,3,13,0,dash_giant
68,10,58,0,-3,-2,1,-2,2,15,0,dash_sad
68,10,64,0,3,-2,-1,1,-2,27,0,guide_feminine
68,10,69,0,1,-2,-2,2,-2,21,0,guide_normal
68,10,76,0,1,2,2,2,1,38,0,run_angry
68,10,83,0,1,1,1,3,-1,20,0,run_musical
68,10,89,0,2,-2,2,-2,1,25,0,run_tired
69,10,1,0,-1,1,-3,-1,-2,18,0,bow_angry
69,10,2,0,-1,2,-2,-1,2,29,0,bow_childish
69,10,28,0,1,1,-3,1,3,14,0,bye_sad
69,10,38,0,1,1,2,3,-1,15,0,byebye_musical
69,10,50,0,-2,-3,1,1,3,22,0,dash_giant
69,10,59,0,-1,-3,1,-1,2,18,0,dash_tired
69,10,75,0,2,-1,3,3,-1,21,0,run_active
69,10,82,0,1,2,-1,1,2,47,0,run_masculinity
69,10,83,0,2,-2,3,3,-1,18,0,run_musical
69,10,118,0,-2,-3,-1,-2,-1,16,0,walk_sad_2
70,10,10,0,-1,2,-2,-1,-2,16,0,bow_not_confident
70,10,22,0,1,-1,1,2,1,24,0,bye_masculinity
70,10,30,0,2,-2,3,2,2,15,0,byebye_active
70,10,35,0,-1,-1,1,-1,-2,14,0,byebye_giant
70,10,39,0,2,2,2,2,-2,26,0,byebye_normal
70,10,49,0,1,1,-1,-1,1,21,0,dash_feminine
70,10,54,0,1,1,-1,-1,2,21,0,dash_normal
70,10,82,0,-1,1,-1,-1,-1,18,0,run_masculinity
70,10,97,0,1,-1,1,1,1,77,0,walk_masculinity_1
70,10,118,0,0,0,0,0,0,0,0,walk_sad_2
71,10,9,0,1,3,-2,2,-2,17,0,bow_normal
71,10,17,0,-1,-1,3,3,1,15,0,bye_childish
71,10,32,0,2,-1,3,3,2,13,0,byebye_childish
71,10,38,0,1,-1,1,1,-1,18,0,byebye_musical
71,10,72,0,1,2,-2,1,-2,12,0,guide_proud
71,10,77,0,2,-1,2,0,1,15,0,run_childish
71,10,87,0,1,2,2,1,-1,13,0,run_proud
71,10,96,0,-1,-1,1,1,1,13,0,walk_happy_1
71,10,104,0,-2,2,-2,-1,-3,28,0,walk_tired_1
71,10,109,0,1,1,2,2,-2,13,0,walk_feminine_2
72,10,16,0,-2,-1,2,-1,3,18,0,bye_angry
72,10,33,0,1,-1,1,1,1,22,0,byebye_chimpira
72,10,40,0,-2,-2,-1,-1,1,17,0,byebye_not_confident
72,10,60,0,-1,1,3,-1,-1,20,0,guide_active
72,10,75,0,1,1,2,1,-3,21,0,run_active
72,10,88,0,-3,-1,0,-3,1,82,0,run_sad
72,10,91,0,1,1,-1,0,-2,20,0,walk_angry_1
72,10,112,0,-2,2,-3,-2,-3,18,0,walk_masculinity_2
72,10,121,0,0,-1,1,1,-1,35,0,call_normal_2
72,10,127,0,2,-2,2,1,1,40,0,slash_normal_2
73,10,20,0,3,3,3,3,-3,11,0,bye_giant
73,10,51,0,-3,-3,3,-3,3,14,0,dash_happy
73,10,53,0,3,2,3,1,-1,12,0,dash_musical
73,10,54,0,3,1,3,-1,-2,12,0,dash_normal
73,10,61,0,-3,3,-3,-3,3,15,0,guide_angry
73,10,78,0,3,-2,3,-3,-3,13,0,run_chimpira
73,10,84,0,3,2,3,-2,2,41,0,run_normal
73,10,97,0,2,2,1,-1,-3,16,0,walk_masculinity_1
73,10,101,0,-3,3,-3,3,-3,17,0,walk_old_1
73,10,118,0,-3,2,-3,3,-3,9,0,walk_sad_2
74,10,46,0,1,-1,2,-1,0,17,0,dash_angry
74,10,62,0,2,1,-1,1,1,37,0,guide_childish
74,10,71,0,1,1,-1,1,1,47,0,guide_old
74,10,73,0,-1,1,-2,1,-1,17,0,guide_sad
74,10,83,0,2,-1,1,0,1,25,0,run_musical
74,10,92,0,1,-3,1,1,-1,18,0,walk_childish_1
74,10,112,0,2,1,1,-1,-1,12,0,walk_masculinity_2
74,10,117,0,-1,-1,-1,1,2,12,0,walk_proud_2
74,10,122,0,2,2,2,1,1,13,0,kick_normal
74,10,125,0,2,-1,1,1,1,16,0,respond_normal
75,10,9,0,2,3,2,1,-2,20,0,bow_normal
75,10,35,0,0,2,0,0,-3,11,0,byebye_giant
75,10,36,0,2,2,2,-2,-3,16,0,byebye_happy
75,10,50,0,-1,-2,0,-2,1,18,0,dash_giant
75,10,53,0,2,3,3,2,-3,32,0,dash_musical
75,10,56,0,3,-3,2,-3,2,18,0,dash_old
75,10,80,0,2,-1,2,2,-2,16,0,run_giant
75,10,96,0,0,-2,3,3,-1,20,0,walk_happy_1
75,10,101,0,-2,0,-3,2,3,11,0,walk_old_1
75,10,102,0,0,1,2,3,-1,12,0,walk_proud_1
76,10,10,0,-1,-2,-3,-1,3,10,0,bow_not_confident
76,10,12,0,-2,2,-3,-3,-3,9,0,bow_proud
76,10,37,0,2,-2,1,1,1,21,0,byebye_masculinity
76,10,45,0,3,-3,3,3,-3,12,0,dash_active
76,10,54,0,2,1,1,-1,1,10,0,dash_normal
76,10,55,0,-1,2,-3,-1,-2,13,0,dash_not_confident
76,10,72,0,2,2,-3,-3,3,10,0,guide_proud
76,10,81,0,1,-2,3,3,2,14,0,run_happy
76,10,94,0,2,1,-2,2,-1,8,0,walk_feminine_1
76,10,112,0,2,2,-3,-2,-1,10,0,walk_masculinity_2
77,10,0,0,2,-2,2,2,3,8,0,bow_active
77,10,6,0,3,3,-1,1,1,9,0,bow_happy
77,10,12,0,3,-3,1,-2,-1,18,0,bow_proud
77,10,51,0,-1,1,-2,-2,2,8,0,dash_happy
77,10,99,0,2,-2,-2,-3,1,13,0,walk_normal_1
77,10,101,0,-3,-2,2,3,-1,5,0,walk_old_1
77,10,106,0,-3,1,-2,-1,1,7,0,walk_angry_2
77,10,113,0,-3,-2,1,3,-1,9,0,walk_musical_2
77,10,121,0,1,-1,3,-3,2,6,0,call_normal_2
77,10,125,0,2,-1,1,-2,3,6,0,respond_normal
78,10,15,0,2,-1,2,3,-2,45,0,bye_active
78,10,30,0,3,-1,3,3,-1,16,0,byebye_active
78,10,35,0,-1,-1,1,-1,1,24,0,byebye_giant
78,10,40,0,-1,-2,-3,-2,3,16,0,byebye_not_confident
78,10,59,0,1,-3,1,1,1,16,0,dash_tired
78,10,66,0,2,1,2,-2,-2,20,0,guide_happy
78,10,119,0,-1,-1,-3,1,2,21,0,walk_tired_2
78,10,120,0,3,1,1,1,-2,16,0,call_normal_1
78,10,122,0,2,2,1,-1,-1,22,0,kick_normal
78,10,126,0,-1,3,-2,1,-1,26,0,slash_normal_1
79,10,11,0,0,3,-1,3,-3,19,0,bow_old
79,10,26,0,2,1,-1,-1,-2,18,0,bye_old
79,10,28,0,-1,1,-3,-2,3,22,0,bye_sad
79,10,32,0,-2,-3,3,1,3,11,0,byebye_childish
79,10,33,0,1,-2,-1,1,1,23,0,byebye_chimpira
79,10,35,0,1,-1,2,3,2,45,0,byebye_giant
79,10,42,0,0,1,1,0,-1,13,0,byebye_proud
79,10,63,0,2,3,-3,3,-3,23,0,guide_chimpira
79,10,82,0,-1,1,-1,-1,1,18,0,run_masculinity
79,10,96,0,3,3,2,3,1,11,0,walk_happy_1
80,10,1,0,-2,3,-3,-1,-3,23,0,bow_angry
80,10,15,0,3,-2,3,3,1,13,0,bye_active
80,10,37,0,2,-2,3,3,2,19,0,byebye_masculinity
80,10,42,0,2,-2,3,3,-1,24,0,byebye_proud
80,10,49,0,2,2,-1,2,-2,16,0,dash_feminine
80,10,51,0,1,-3,2,-2,2,20,0,dash_happy
80,10,59,0,2,-3,3,-3,3,18,0,dash_tired
80,10,63,0,1,-2,2,2,1,17,0,guide_chimpira
80,10,105,0,-2,1,-2,-3,3,11,0,walk_active_2
80,10,115,0,1,-3,-3,-2,3,11,0,walk_not_confident_2
81,10,7,0,3,3,-3,3,-3,18,0,bow_masculinity
81,10,43,0,-2,3,-3,3,-2,30,0,byebye_sad
81,10,54,0,2,-3,3,-3,2,23,0,dash_normal
81,10,55,0,3,2,-3,2,3,21,0,dash_not_confident
81,10,60,0,1,2,1,-3,3,27,0,guide_active
81,10,70,0,3,3,-3,3,-1,22,0,guide_not_confident
81,10,71,0,-3,-3,3,-2,3,38,0,guide_old
81,10,72,0,3,-2,3,-2,-3,14,0,guide_proud
81,10,93,0,-2,-1,1,-2,3,25,0,walk_chimpira_1
81,10,108,0,-2,-3,3,-3,3,15,0,walk_chimpira_2
82,10,1,0,3,1,-2,-1,-1,49,0,bow_angry
82,10,2,0,-3,-3,2,-2,2,21,0,bow_childish
82,10,17,0,2,-2,3,-3,2,25,0,bye_childish
82,10,28,0,-1,0,-3,2,-1,94,0,bye_sad
82,10,76,0,-2,-3,3,-3,2,24,0,run_angry
82,10,78,0,1,-2,3,-2,1,59,0,run_chimpira
82,10,84,0,-1,-1,1,1,1,25,0,run_normal
82,10,104,0,1,2,-1,2,-3,71,0,walk_tired_1
82,10,124,0,3,2,3,-2,2,40,0,punch_normal_2
82,10,126,0,3,3,-2,1,-1,36,0,slash_normal_1
83,10,1,0,0,0,-2,0,0,7,0,bow_angry
83,10,5,0,0,0,0,0,0,12,0,bow_giant
83,10,12,0,0,0,-1,2,1,64,0,bow_proud
83,10,24,0,1,1,-1,1,-2,29,0,bye_normal
83,10,46,0,0,2,0,0,2,29,0,dash_angry
83,10,71,0,0,2,2,1,-1,22,0,guide_old
83,10,81,0,1,-2,2,0,1,25,0,run_happy
83,10,85,0,-1,-1,-3,1,2,38,0,run_not_confident
83,10,89,0,0,0,0,0,0,11,0,run_tired
83,10,121,0,2,-2,2,-2,1,31,0,call_normal_2
84,10,2,0,2,-2,3,-2,1,27,0,bow_childish
84,10,4,0,2,3,-2,2,-3,25,0,bow_feminine
84,10,10,0,-3,3,-3,3,-3,12,0,bow_not_confident
84,10,20,0,1,1,-2,2,-3,38,0,bye_giant
84,10,31,0,2,-2,3,3,1,28,0,byebye_angry
84,10,34,0,1,-1,-3,3,-1,15,0,byebye_feminine
84,10,41,0,0,2,-3,-2,1,17,0,byebye_old
84,10,48,0,2,2,2,2,-2,17,0,dash_chimpira
84,10,59,0,-1,2,-2,-2,-2,41,0,dash_tired
84,10,83,0,1,-3,2,-1,-1,26,0,run_musical
85,10,13,0,2,2,-2,2,1,48,0,bow_sad
85,10,19,0,1,-1,1,2,-1,13,0,bye_feminine
85,10,54,0,1,3,2,-1,1,15,0,dash_normal
85,10,56,0,-2,-3,2,-2,1,11,0,dash_old
85,10,68,0,3,-1,2,2,-2,13,0,guide_musical
85,10,72,0,2,1,1,2,-1,11,0,guide_proud
85,10,77,0,2,-2,2,3,2,15,0,run_childish
85,10,86,0,-2,-3,2,-1,2,16,0,run_old
85,10,89,0,-2,-1,-2,-2,2,13,0,run_tired
85,10,95,0,-2,3,3,-2,-2,12,0,walk_giant_1
86,10,9,0,3,3,3,2,3,11,0,bow_normal
86,10,10,0,0,2,3,-3,-1,132,0,bow_not_confident
86,10,16,0,3,3,0,0,3,14,0,bye_angry
86,10,39,0,3,2,-1,-1,3,13,0,byebye_normal
86,10,51,0,1,2,3,3,-2,21,0,dash_happy
86,10,74,0,-2,-2,2,2,-2,34,0,guide_tired
86,10,78,0,0,0,0,0,0,2,0,run_chimpira
86,10,93,0,3,2,1,-2,3,55,0,walk_chimpira_1
86,10,105,0,2,3,3,3,2,42,0,walk_active_2
86,10,113,0,3,0,2,3,-3,19,0,walk_musical_2
87,10,39,0,2,1,2,2,-2,12,0,byebye_normal
87,10,52,0,1,1,2,0,-1,15,0,dash_masculinity
87,10,56,0,-1,-1,-1,-1,3,29,0,dash_old
87,10,64,0,2,1,3,0,-1,32,0,guide_feminine
87,10,66,0,2,3,3,2,-2,11,0,guide_happy
87,10,93,0,-1,-3,1,-1,2,14,0,walk_chimpira_1
87,10,101,0,-1,-1,-2,0,1,17,0,walk_old_1
87,10,107,0,2,1,1,2,-2,25,0,walk_childish_2
87,10,114,0,2,1,3,0,-2,24,0,walk_normal_2
87,10,115,0,-2,-2,-3,0,3,27,0,walk_not_confident_2
88,10,13,0,-2,3,1,3,-3,14,0,bow_sad
88,10,35,0,-1,1,2,1,1,17,0,byebye_giant
88,10,70,0,1,1,-2,2,-3,17,0,guide_not_confident
88,10,82,0,1,3,3,3,-2,21,0,run_masculinity
88,10,89,0,1,3,1,1,-1,25,0,run_tired
88,10,100,0,-2,-2,-3,-1,-3,21,0,walk_not_confident_1
88,10,110,0,2,-2,2,-2,2,32,0,walk_giant_2
88,10,122,0,-2,2,-2,-1,-2,27,0,kick_normal
88,10,123,0,1,3,1,1,2,15,0,punch_normal_1
88,10,127,0,-2,3,-3,3,-2,35,0,slash_normal_2
89,10,8,0,1,2,-3,2,-3,78,0,bow_musical
89,10,37,0,3,1,3,1,-1,38,0,byebye_masculinity
89,10,41,0,-3,-1,-3,2,3,26,0,byebye_old
89,10,52,0,3,-1,3,-1,1,41,0,dash_masculinity
89,10,56,0,-1,-3,-1,-1,3,37,0,dash_old
89,10,61,0,2,-1,3,-2,-2,20,0,guide_angry
89,10,80,0,2,-2,2,-2,1,22,0,run_giant
89,10,96,0,1,2,1,1,-2,30,0,walk_happy_1
89,10,113,0,2,-2,1,-3,-2,31,0,walk_musical_2
89,10,115,0,-3,-3,-3,-3,3,16,0,walk_not_confident_2
90,10,18,0,-3,-3,3,3,-3,13,0,bye_chimpira
90,10,29,0,3,2,3,-3,1,37,0,bye_tired
90,10,40,0,-3,3,-3,3,3,16,0,byebye_not_confident
90,10,46,0,3,2,-3,2,-2,23,0,dash_angry
90,10,54,0,3,-3,3,-3,3,10,0,dash_normal
90,10,55,0,-3,3,-3,-3,3,12,0,dash_not_confident
90,10,61,0,3,-3,3,-3,3,19,0,guide_angry
90,10,76,0,-3,3,-3,-2,-3,22,0,run_angry
90,10,81,0,3,3,-2,3,-2,24,0,run_happy
90,10,97,0,3,3,-3,3,-3,15,0,walk_masculinity_1
91,10,15,0,3,-3,3,3,-1,17,0,bye_active
91,10,25,0,1,1,-2,2,-3,25,0,bye_not_confident
91,10,32,0,1,-3,3,3,2,21,0,byebye_childish
91,10,60,0,3,1,2,1,1,18,0,guide_active
91,10,67,0,2,2,1,3,-3,22,0,guide_masculinity
91,10,68,0,-3,1,3,1,-2,38,0,guide_musical
91,10,77,0,1,-1,1,-1,1,24,0,run_childish
91,10,109,0,3,1,3,-1,-1,23,0,walk_feminine_2
91,10,117,0,-3,3,1,-3,1,25,0,walk_proud_2
91,10,124,0,1,3,-2,-1,1,22,0,punch_normal_2
92,10,5,0,3,3,-2,2,-1,15,0,bow_giant
92,10,14,0,-2,-3,-3,-3,2,13,0,bow_tired
92,10,25,0,-2,1,-3,3,2,19,0,bye_not_confident
92,10,27,0,-1,3,2,-2,-2,16,0,bye_proud
92,10,41,0,-1,-1,1,-2,1,16,0,byebye_old
92,10,65,0,-1,1,3,-2,1,12,0,guide_giant
92,10,76,0,-2,-1,3,-2,2,12,0,run_angry
92,10,77,0,2,-1,3,-1,-1,12,0,run_childish
92,10,84,0,2,-1,3,1,-1,14,0,run_normal
92,10,85,0,1,-1,1,-1,1,415,0,run_not_confident
92,10,88,0,2,2,3,1,-3,12,0,run_sad
92,10,95,0,-2,-1,3,-3,2,16,0,walk_giant_1
92,10,97,0,1,-1,2,-1,-2,28,0,walk_masculinity_1
92,10,107,0,3,-3,3,1,-3,21,0,walk_childish_2
92,10,114,0,1,2,3,-1,-1,13,0,walk_normal_2
92,10,118,0,1,-2,-1,-1,-2,18,0,walk_sad_2
92,10,119,0,-1,-1,-2,1,1,22,0,walk_tired_2
92,10,121,0,-1,1,3,-2,-1,14,0,call_normal_2
93,10,21,0,-1,1,-1,2,-2,17,0,bye_happy
93,10,29,0,1,-1,1,1,1,25,0,bye_tired
93,10,36,0,2,2,3,2,-1,19,0,byebye_happy
93,10,46,0,1,-2,2,-1,-1,52,0,dash_angry
93,10,70,0,-2,1,-3,1,2,22,0,guide_not_confident
93,10,92,0,2,-2,2,1,-1,16,0,walk_childish_1
93,10,95,0,-1,-1,-1,-2,-1,21,0,walk_giant_1
93,10,102,0,-3,-1,3,-2,-1,17,0,walk_proud_1
93,10,116,0,-1,2,-1,2,-3,19,0,walk_old_2
93,10,127,0,2,1,-2,-1,-1,29,0,slash_normal_2
94,10,0,0,2,2,-3,0,-2,27,0,bow_active
94,10,24,0,3,3,1,2,-1,155,0,bye_normal
94,10,47,0,-2,-3,3,-3,3,30,0,dash_childish
94,10,52,0,0,3,2,-1,3,50,0,dash_masculinity
94,10,73,0,0,3,-3,3,-3,64,0,guide_sad
94,10,82,0,3,2,2,-1,0,37,0,run_masculinity
94,10,83,0,1,1,2,-1,1,50,0,run_musical
94,10,89,0,-3,-3,-3,0,3,23,0,run_tired
94,10,101,0,-3,-3,-3,3,3,22,0,walk_old_1
94,10,118,0,-2,-1,-2,3,-2,58,0,walk_sad_2
95,10,8,0,-2,3,-3,-2,-3,10,0,bow_musical
95,10,25,0,-3,1,-3,-3,3,11,0,bye_not_confident
95,10,27,0,2,2,2,2,-2,9,0,bye_proud
95,10,47,0,-2,-3,2,3,1,11,0,dash_childish
95,10,55,0,-2,2,-2,-2,1,10,0,dash_not_confident
95,10,65,0,2,1,-1,2,-2,15,0,guide_giant
95,10,86,0,-1,-1,-1,-1,1,13,0,run_old
95,10,99,0,-1,2,-2,-2,-2,12,0,walk_normal_1
95,10,108,0,2,-1,2,2,-1,14,0,walk_chimpira_2
95,10,112,0,2,1,-2,-1,-2,10,0,walk_masculinity_2
96,10,18,0,2,-2,2,2,-2,21,0,bye_chimpira
96,10,33,0,1,-2,2,2,-2,24,0,byebye_chimpira
96,10,39,0,2,1,3,2,1,34,0,byebye_normal
96,10,53,0,1,-2,3,-2,2,30,0,dash_musical
96,10,67,0,2,3,-2,3,-2,38,0,guide_masculinity
96,10,75,0,-2,2,-2,-1,-2,21,0,run_active
96,10,92,0,1,-3,2,1,1,28,0,walk_childish_1
96,10,94,0,2,-2,2,1,1,32,0,walk_feminine_1
96,10,100,0,-3,2,-3,-1,3,31,0,walk_not_confident_1
96,10,101,0,-2,-2,-3,-1,3,28,0,walk_old_1
97,10,6,0,1,2,-2,1,1,42,0,bow_happy
97,10,9,0,-2,2,-2,-1,-2,16,0,bow_normal
97,10,25,0,-1,2,-2,1,0,18,0,bye_not_confident
97,10,27,0,1,1,-1,1,-1,20,0,bye_proud
97,10,38,0,1,1,2,2,-1,17,0,byebye_musical
97,10,77,0,1,-2,1,2,-1,14,0,run_childish
97,10,83,0,-1,-1,2,1,2,22,0,run_musical
97,10,98,0,2,-1,2,1,1,18,0,walk_musical_1
97,10,99,0,2,-1,2,-1,1,25,0,walk_normal_1
97,10,112,0,-1,1,-1,-1,-1,17,0,walk_masculinity_2
98,10,8,0,2,-2,3,-1,-1,17,0,bow_musical
98,10,16,0,1,1,1,1,-1,13,0,bye_angry
98,10,24,0,1,1,1,3,-2,15,0,bye_normal
98,10,28,0,-1,1,-3,1,3,16,0,bye_sad
98,10,36,0,-1,1,-2,2,2,33,0,byebye_happy
98,10,58,0,-1,3,1,-1,-1,21,0,dash_sad
98,10,98,0,2,-3,3,1,-2,34,0,walk_musical_1
98,10,104,0,0,0,-3,1,3,13,0,walk_tired_1
98,10,116,0,1,1,-3,1,2,16,0,walk_old_2
98,10,117,0,0,2,3,-1,-3,13,0,walk_proud_2
99,10,0,0,1,3,-3,1,-3,14,0,bow_active
99,10,4,0,-1,2,-1,1,-3,36,0,bow_feminine
99,10,5,0,2,1,-2,-3,-1,10,0,bow_giant
99,10,30,0,-2,-2,1,-2,2,12,0,byebye_active
99,10,60,0,-2,2,-1,-2,2,78,0,guide_active
99,10,61,0,1,-2,2,1,1,14,0,guide_angry
99,10,65,0,1,-1,2,2,-2,23,0,guide_giant
99,10,82,0,-1,1,1,-1,1,17,0,run_masculinity
99,10,113,0,1,-1,0,1,2,12,0,walk_musical_2
99,10,115,0,-2,-2,-2,-3,2,16,0,walk_not_confident_2
100,10,0,0,-2,2,-1,-2,-2,35,0,bow_active
100,10,9,0,-1,3,-2,1,-3,34,0,bow_normal
100,10,11,0,-2,2,-3,-1,-2,9,0,bow_old
100,10,22,0,2,1,3,1,-2,20,0,bye_masculinity
100,10,24,0,-1,1,-1,3,-1,25,0,bye_normal
100,10,56,0,2,-3,3,2,1,16,0,dash_old
100,10,75,0,1,-2,3,3,-1,27,0,run_active
100,10,83,0,1,-1,3,1,1,32,0,run_musical
100,10,88,0,-1,-1,-1,-2,2,21,0,run_sad
100,10,97,0,2,-1,3,-2,0,18,0,walk_masculinity_1
101,10,5,0,0,0,0,0,0,11,0,bow_giant
101,10,11,0,0,1,0,1,2,19,0,bow_old
101,10,12,0,0,0,0,0,0,10,0,bow_proud
101,10,23,0,1,0,3,3,-2,30,0,bye_musical
101,10,27,0,0,1,0,0,-3,26,0,bye_proud
101,10,45,0,2,0,3,3,-2,14,0,dash_active
101,10,46,0,1,1,0,-1,-1,27,0,dash_angry
101,10,80,0,0,1,-1,-1,0,23,0,run_giant
101,10,85,0,1,0,1,2,-2,37,0,run_not_confident
101,10,103,0,0,2,-2,0,-2,25,0,walk_sad_1
102,10,1,0,-1,2,-3,1,-3,424,0,bow_angry
102,10,86,0,0,-1,1,1,0,173,0,run_old
103,10,7,0,-3,3,-3,3,-3,17,0,bow_masculinity
103,10,17,0,3,-3,3,3,3,30,0,bye_childish
103,10,19,0,2,2,3,-2,3,46,0,bye_feminine
103,10,20,0,2,-3,2,3,-1,56,0,bye_giant
103,10,24,0,2,1,-3,1,-1,70,0,bye_normal
103,10,25,0,2,1,-2,3,2,36,0,bye_not_confident
103,10,60,0,-2,-2,3,-2,1,40,0,guide_active
103,10,65,0,2,3,3,1,-3,39,0,guide_giant
103,10,66,0,2,-1,2,-1,1,52,0,guide_happy
103,10,68,0,-2,-2,2,-2,2,35,0,guide_musical
103,10,90,0,-2,1,-3,-1,2,30,0,walk_active_1
103,10,106,0,-3,3,-2,-1,2,27,0,walk_angry_2
103,10,112,0,-3,-2,-3,-2,3,40,0,walk_masculinity_2
103,10,116,0,-3,3,-3,3,3,24,0,walk_old_2
103,10,127,0,-3,3,-3,-1,-3,32,0,slash_normal_2
104,10,3,0,-2,3,-2,3,-3,39,0,bow_chimpira
104,10,31,0,2,-2,3,2,1,25,0,byebye_angry
104,10,75,0,-1,1,2,1,-2,18,0,run_active
104,10,87,0,2,-1,1,3,-1,18,0,run_proud
104,10,89,0,-1,-2,2,-2,2,20,0,run_tired
104,10,101,0,-2,-2,-1,-2,1,16,0,walk_old_1
104,10,103,0,-2,-1,-3,-2,2,20,0,walk_sad_1
104,10,105,0,-1,-1,-1,-2,2,24,0,walk_active_2
104,10,111,0,2,-2,2,2,-1,20,0,walk_happy_2
104,10,125,0,2,-1,1,2,1,19,0,respond_normal
105,10,7,0,-3,3,-3,1,-3,17,0,bow_masculinity
105,10,16,0,1,-1,2,2,-1,33,0,bye_angry
105,10,32,0,3,-3,3,1,1,11,0,byebye_childish
105,10,55,0,-2,1,-1,-1,-1,17,0,dash_not_confident
105,10,77,0,-1,1,-1,1,-2,23,0,run_childish
105,10,81,0,2,-1,2,2,1,18,0,run_happy
105,10,93,0,1,-3,1,-3,2,12,0,walk_chimpira_1
105,10,110,0,-1,1,-2,0,-1,11,0,walk_giant_2
105,10,123,0,1,-2,2,-2,1,15,0,punch_normal_1
105,10,126,0,1,1,1,-1,-1,21,0,slash_normal_1
106,10,20,0,1,1,2,3,-2,12,0,bye_giant
106,10,22,0,1,0,2,2,-2,11,0,bye_masculinity
106,10,28,0,-2,1,-3,-1,2,18,0,bye_sad
106,10,34,0,1,0,2,1,-2,16,0,byebye_feminine
106,10,36,0,-1,0,-2,-1,2,13,0,byebye_happy
106,10,39,0,2,1,2,2,-1,14,0,byebye_normal
106,10,48,0,2,1,3,1,-1,13,0,dash_chimpira
106,10,53,0,0,-1,3,1,-1,14,0,dash_musical
106,10,63,0,0,1,1,2,-1,9,0,guide_chimpira
106,10,66,0,2,2,2,2,-2,42,0,guide_happy
106,10,68,0,-1,-1,2,3,-3,11,0,guide_musical
106,10,74,0,0,-2,-1,-1,1,16,0,guide_tired
106,10,81,0,2,3,3,1,-1,13,0,run_happy
106,10,86,0,-2,-1,3,-2,3,21,0,run_old
106,10,102,0,1,1,2,1,1,9,0,walk_proud_1
106,10,105,0,0,1,2,3,1,15,0,walk_active_2
106,10,109,0,1,-3,2,1,-1,13,0,walk_feminine_2
106,10,116,0,-1,1,-3,1,1,52,0,walk_old_2
106,10,117,0,-1,-1,1,2,-2,13,0,walk_proud_2
106,10,120,0,1,2,1,-1,-1,11,0,call_normal_1
107,10,16,0,1,-2,2,-1,1,29,0,bye_angry
107,10,22,0,2,2,1,1,-1,30,0,bye_masculinity
107,10,33,0,2,-1,2,2,-1,24,0,byebye_chimpira
107,10,51,0,2,-2,3,-1,1,70,0,dash_happy
107,10,72,0,-2,1,-1,1,-2,30,0,guide_proud
107,10,73,0,-2,3,-2,1,-3,275,0,guide_sad
107,10,80,0,-1,-1,1,1,1,22,0,run_giant
107,10,115,0,-2,-2,-3,-1,2,71,0,walk_not_confident_2
107,10,116,0,-1,2,-2,2,-2,38,0,walk_old_2
107,10,123,0,1,2,2,-2,-1,29,0,punch_normal_1
108,10,3,0,3,3,3,3,3,9,0,bow_chimpira
108,10,7,0,3,3,3,3,3,9,0,bow_masculinity
108,10,9,0,3,3,3,3,3,7,0,bow_normal
108,10,26,0,2,3,3,2,3,11,0,bye_old
108,10,27,0,3,2,3,3,3,10,0,bye_proud
108,10,33,0,3,3,3,3,3,96,0,byebye_chimpira
108,10,37,0,3,3,3,3,3,7,0,byebye_masculinity
108,10,38,0,3,2,3,2,2,13,0,byebye_musical
108,10,44,0,3,3,2,3,3,23,0,byebye_tired
108,10,70,0,3,3,3,3,3,12,0,guide_not_confident
108,10,85,0,3,3,3,3,3,13,0,run_not_confident
108,10,102,0,2,3,3,3,3,7,0,walk_proud_1
108,10,110,0,2,3,3,3,2,20,0,walk_giant_2
109,10,10,0,-3,3,-3,3,-3,41,0,bow_not_confident
109,10,27,0,3,-3,-3,3,-3,52,0,bye_proud
109,10,31,0,3,-3,3,3,0,28,0,byebye_angry
109,10,62,0,-3,3,-3,3,-3,28,0,guide_childish
109,10,65,0,3,3,3,3,-3,24,0,guide_giant
109,10,70,0,-3,3,-3,3,3,52,0,guide_not_confident
109,10,102,0,3,3,3,3,-3,32,0,walk_proud_1
109,10,107,0,3,-3,3,0,0,21,0,walk_childish_2
109,10,109,0,3,-3,3,3,-3,43,0,walk_feminine_2
109,10,122,0,-3,3,3,-3,3,27,0,kick_normal
110,10,16,0,2,-1,-1,2,-2,16,0,bye_angry
110,10,21,0,-1,1,1,1,2,59,0,bye_happy
110,10,38,0,1,-2,3,2,-1,22,0,byebye_musical
110,10,39,0,3,1,1,3,-1,42,0,byebye_normal
110,10,63,0,-2,2,-2,1,-2,22,0,guide_chimpira
110,10,76,0,-2,-2,3,-3,3,47,0,run_angry
110,10,86,0,-2,-3,2,-2,3,64,0,run_old
110,10,100,0,1,1,-3,1,2,15,0,walk_not_confident_1
110,10,116,0,-2,1,-3,1,3,57,0,walk_old_2
110,10,117,0,1,-1,2,-2,-2,65,0,walk_proud_2
111,10,5,0,1,3,-3,3,2,16,0,bow_giant
111,10,7,0,1,3,-2,3,-3,17,0,bow_masculinity
111,10,26,0,3,3,-1,-1,-3,21,0,bye_old
111,10,29,0,2,2,2,1,-2,64,0,bye_tired
111,10,42,0,0,-1,3,3,0,25,0,byebye_proud
111,10,87,0,1,1,1,1,1,20,0,run_proud
111,10,91,0,-3,1,3,-1,3,28,0,walk_angry_1
111,10,98,0,0,-1,3,3,0,22,0,walk_musical_1
111,10,99,0,1,1,3,1,-2,62,0,walk_normal_1
111,10,125,0,1,1,1,1,-2,21,0,respond_normal
112,10,5,0,-2,3,-2,2,-2,20,0,bow_giant
112,10,19,0,-1,-1,1,1,-2,34,0,bye_feminine
112,10,30,0,3,-3,3,1,3,27,0,byebye_active
112,10,52,0,0,3,-2,1,-3,16,0,dash_masculinity
112,10,69,0,2,0,3,3,0,15,0,guide_normal
112,10,97,0,-1,1,-2,-1,0,14,0,walk_masculinity_1
112,10,102,0,0,-2,0,-3,2,24,0,walk_proud_1
112,10,103,0,3,-1,3,1,1,54,0,walk_sad_1
112,10,106,0,-1,1,-2,-2,-2,15,0,walk_angry_2
112,10,118,0,-1,-2,-3,-2,-2,17,0,walk_sad_2
113,10,2,0,-2,-2,-1,-1,2,12,0,bow_childish
113,10,21,0,1,-1,-1,-1,-2,8,0,bye_happy
113,10,26,0,-1,1,1,1,-1,10,0,bye_old
113,10,31,0,2,-2,3,1,1,28,0,byebye_angry
113,10,34,0,-1,-2,-1,-2,-1,9,0,byebye_feminine
113,10,64,0,2,1,1,1,-1,15,0,guide_feminine
113,10,84,0,-1,1,1,1,-1,15,0,run_normal
113,10,88,0,-1,1,-1,-2,1,12,0,run_sad
113,10,118,0,-2,1,-3,-1,-3,21,0,walk_sad_2
113,10,125,0,-1,1,-2,-1,-1,22,0,respond_normal
114,10,0,0,1,1,1,1,-1,29,0,bow_active
114,10,10,0,-2,3,-3,1,-3,20,0,bow_not_confident
114,10,11,0,-1,3,-1,2,-3,43,0,bow_old
114,10,13,0,-1,3,-2,0,-2,29,0,bow_sad
114,10,37,0,1,0,1,1,1,38,0,byebye_masculinity
114,10,45,0,3,1,3,2,1,37,0,dash_active
114,10,69,0,1,0,1,1,-1,27,0,guide_normal
114,10,70,0,-3,2,-3,1,-1,31,0,guide_not_confident
114,10,72,0,2,-1,2,-1,0,32,0,guide_proud
114,10,91,0,1,-1,3,-1,3,28,0,walk_angry_1
115,10,10,0,-1,1,-2,1,-2,33,0,bow_not_confident
115,10,11,0,0,0,-1,1,-1,21,0,bow_old
115,10,21,0,1,-1,2,2,-2,20,0,bye_happy
115,10,44,0,0,-1,1,1,-1,17,0,byebye_tired
115,10,66,0,0,0,1,1,-1,21,0,guide_happy
115,10,70,0,-1,-1,-3,1,-1,76,0,guide_not_confident
115,10,76,0,1,-2,2,1,-1,29,0,run_angry
115,10,100,0,-1,-1,-2,-1,1,24,0,walk_not_confident_1
115,10,102,0,0,1,1,-2,1,19,0,walk_proud_1
115,10,118,0,0,-3,-2,0,0,26,0,walk_sad_2
116,10,57,0,-2,-1,-3,1,-1,23,0,dash_proud
116,10,71,0,1,1,-1,1,2,82,0,guide_old
116,10,74,0,-2,-3,-2,-2,1,114,0,guide_tired
116,10,77,0,0,-3,-3,-1,1,29,0,run_childish
116,10,80,0,3,1,1,1,-2,31,0,run_giant
116,10,93,0,-2,-3,-1,-1,3,24,0,walk_chimpira_1
116,10,105,0,-1,1,1,-3,3,26,0,walk_active_2
116,10,111,0,2,-1,-1,1,-3,19,0,walk_happy_2
116,10,113,0,3,2,3,-1,-1,22,0,walk_musical_2
116,10,123,0,1,1,2,-2,3,24,0,punch_normal_1
117,10,10,0,0,2,-2,1,2,31,0,bow_not_confident
117,10,28,0,1,1,-2,1,2,21,0,bye_sad
117,10,54,0,-1,-2,1,0,3,18,0,dash_normal
117,10,63,0,-2,2,1,1,-2,24,0,guide_chimpira
117,10,75,0,1,-2,2,2,0,41,0,run_active
117,10,79,0,2,-1,3,1,-2,17,0,run_feminine
117,10,98,0,3,1,3,3,-3,19,0,walk_musical_1
117,10,105,0,-2,-2,-1,-2,1,18,0,walk_active_2
117,10,117,0,1,1,1,-1,-2,44,0,walk_proud_2
117,10,127,0,-1,2,-1,-1,-3,27,0,slash_normal_2
118,10,57,0,2,-2,2,1,1,27,0,dash_proud
118,10,68,0,3,-1,2,3,-2,35,0,guide_musical
118,10,73,0,1,2,-2,-1,-2,14,0,guide_sad
118,10,87,0,2,-2,2,2,2,17,0,run_proud
118,10,94,0,2,1,2,2,-2,13,0,walk_feminine_1
118,10,105,0,-2,2,-2,-3,2,17,0,walk_active_2
118,10,109,0,3,-1,3,3,1,15,0,walk_feminine_2
118,10,113,0,-1,-2,3,-2,2,14,0,walk_musical_2
118,10,118,0,-2,1,-2,2,-1,26,0,walk_sad_2
118,10,120,0,1,1,-1,1,-2,25,0,call_normal_1
119,10,17,0,1,-3,3,-3,3,11,0,bye_childish
119,10,19,0,3,-3,3,-1,1,27,0,bye_feminine
119,10,20,0,1,1,-1,1,-1,18,0,bye_giant
119,10,63,0,-1,3,-3,3,-3,29,0,guide_chimpira
119,10,78,0,0,0,0,0,0,30,0,run_chimpira
119,10,79,0,-1,2,3,-1,2,16,0,run_feminine
119,10,87,0,-3,3,-3,1,-3,15,0,run_proud
119,10,111,0,1,1,1,1,1,15,0,walk_happy_2
119,10,118,0,1,1,-1,1,-1,25,0,walk_sad_2
119,10,120,0,3,-2,3,-3,2,43,0,call_normal_1
120,10,36,0,2,-2,3,3,1,14,0,byebye_happy
120,10,37,0,3,-1,3,3,-3,12,0,byebye_masculinity
120,10,52,0,0,1,0,-2,-3,17,0,dash_masculinity
120,10,53,0,1,2,3,3,-2,13,0,dash_musical
120,10,56,0,-1,1,-1,-2,1,18,0,dash_old
120,10,58,0,-2,-2,2,1,1,26,0,dash_sad
120,10,72,0,-1,2,3,-3,-2,21,0,guide_proud
120,10,77,0,0,-1,-1,0,2,48,0,run_childish
120,10,81,0,0,-1,-3,3,2,20,0,run_happy
120,10,83,0,3,3,3,-2,3,18,0,run_musical
121,10,2,0,0,-2,0,0,0,24,0,bow_childish
121,10,4,0,0,1,0,0,-2,20,0,bow_feminine
121,10,5,0,0,-1,-1,0,0,20,0,bow_giant
121,10,14,0,-2,-2,-1,0,-2,14,0,bow_tired
121,10,24,0,1,0,1,3,-2,18,0,bye_normal
121,10,84,0,1,0,1,0,-1,19,0,run_normal
121,10,85,0,0,0,1,1,1,47,0,run_not_confident
121,10,91,0,0,1,1,-1,1,33,0,walk_angry_1
121,10,120,0,2,0,2,0,0,20,0,call_normal_1
121,10,121,0,2,0,0,0,-1,20,0,call_normal_2
122,10,2,0,-2,-2,-1,-1,3,20,0,bow_childish
122,10,12,0,-1,2,-2,1,-3,31,0,bow_proud
122,10,23,0,3,-1,3,-1,-1,21,0,bye_musical
122,10,43,0,-1,1,-3,3,2,26,0,byebye_sad
122,10,44,0,2,2,2,1,-2,43,0,byebye_tired
122,10,54,0,2,1,3,-3,-2,25,0,dash_normal
122,10,94,0,2,-1,3,1,-2,24,0,walk_feminine_1
122,10,97,0,3,3,1,1,-3,20,0,walk_masculinity_1
122,10,102,0,2,1,1,-1,-2,19,0,walk_proud_1
122,10,111,0,-2,2,2,1,-2,17,0,walk_happy_2
123,10,21,0,1,2,-3,2,-1,11,0,bye_happy
123,10,30,0,3,-3,1,2,-3,23,0,byebye_active
123,10,49,0,-2,2,1,-2,-1,12,0,dash_feminine
123,10,53,0,2,-2,1,2,-2,30,0,dash_musical
123,10,96,0,2,2,3,1,-3,16,0,walk_happy_1
123,10,97,0,2,-2,3,1,1,14,0,walk_masculinity_1
123,10,103,0,-2,1,-3,2,3,20,0,walk_sad_1
123,10,104,0,2,2,-2,1,2,20,0,walk_tired_1
123,10,107,0,1,1,-1,1,-1,8,0,walk_childish_2
123,10,119,0,-2,-3,3,-3,3,11,0,walk_tired_2
124,10,4,0,-1,3,2,1,2,44,0,bow_feminine
124,10,28,0,-3,1,-3,-1,3,24,0,bye_sad
124,10,29,0,1,2,3,3,-2,14,0,bye_tired
124,10,57,0,-1,2,2,-1,2,23,0,dash_proud
124,10,75,0,2,2,1,-1,1,39,0,run_active
124,10,89,0,-2,-2,-2,-2,2,28,0,run_tired
124,10,103,0,-1,2,-1,2,-3,55,0,walk_sad_1
124,10,114,0,2,3,1,1,-1,20,0,walk_normal_2
124,10,115,0,-2,-2,-3,1,3,14,0,walk_not_confident_2
124,10,125,0,3,1,3,3,-2,15,0,respond_normal
125,10,15,0,3,-2,3,3,3,15,0,bye_active
125,10,42,0,3,3,3,3,-3,17,0,byebye_proud
125,10,43,0,-3,-3,-3,-3,3,12,0,byebye_sad
125,10,46,0,-3,-3,3,-3,3,8,0,dash_angry
125,10,56,0,-3,-3,2,-2,3,22,0,dash_old
125,10,60,0,3,3,3,3,-1,22,0,guide_active
125,10,98,0,1,-3,3,3,1,29,0,walk_musical_1
125,10,99,0,-3,3,-3,-3,-3,9,0,walk_normal_1
125,10,117,0,-3,3,-3,-3,-3,12,0,walk_proud_2
125,10,119,0,-3,1,-3,3,3,13,0,walk_tired_2
126,10,1,0,-1,0,1,0,-2,38,0,bow_angry
126,10,13,0,-3,3,-3,3,-1,65,0,bow_sad
126,10,27,0,-2,2,-2,1,-2,24,0,bye_proud
126,10,29,0,-1,1,-2,1,-1,31,0,bye_tired
126,10,35,0,1,-3,3,-3,1,28,0,byebye_giant
126,10,53,0,2,-2,3,-3,1,22,0,dash_musical
126,10,58,0,3,-3,3,-3,3,19,0,dash_sad
126,10,76,0,1,-3,3,-3,3,17,0,run_angry
126,10,87,0,-1,1,-3,1,-2,22,0,run_proud
126,10,111,0,3,-1,3,-1,-1,39,0,walk_happy_2
127,10,8,0,2,3,-2,-1,-3,22,0,bow_musical
127,10,24,0,-1,2,-1,1,1,30,0,bye_normal
127,10,28,0,-1,3,-3,-3,3,18,0,bye_sad
127,10,44,0,1,1,1,2,-3,54,0,byebye_tired
127,10,50,0,-1,2,-1,-3,-2,19,0,dash_giant
127,10,79,0,2,-3,3,-1,1,61,0,run_feminine
127,10,91,0,3,-1,3,1,1,62,0,walk_angry_1
127,10,105,0,3,-1,2,2,1,24,0,walk_active_2
127,10,108,0,-1,-2,-2,-3,3,42,0,walk_chimpira_2
127,10,121,0,-2,-2,-1,-1,2,22,0,call_normal_2
128,10,19,0,-2,2,2,1,-3,18,0,bye_feminine
128,10,37,0,1,1,2,2,-1,14,0,byebye_masculinity
128,10,39,0,1,1,3,3,-1,12,0,byebye_normal
128,10,44,0,2,1,3,3,-1,16,0,byebye_tired
128,10,45,0,3,2,3,3,-2,13,0,dash_active
128,10,58,0,-1,2,1,-1,-1,56,0,dash_sad
128,10,104,0,-1,-1,-2,-1,2,16,0,walk_tired_1
128,10,107,0,-1,-1,3,3,-2,11,0,walk_childish_2
128,10,115,0,-1,-1,-2,1,3,27,0,walk_not_confident_2
128,10,116,0,-3,1,-2,-1,-3,18,0,walk_old_2
129,10,14,0,-3,-3,-1,-2,3,20,0,bow_tired
129,10,22,0,2,3,3,3,-3,14,0,bye_masculinity
129,10,27,0,1,1,2,2,-3,32,0,bye_proud
129,10,49,0,2,2,-1,1,-1,18,0,dash_feminine
129,10,56,0,-3,-3,2,-1,1,10,0,dash_old
129,10,73,0,-1,1,-1,1,-1,16,0,guide_sad
129,10,81,0,2,1,1,1,-2,11,0,run_happy
129,10,93,0,-3,-3,3,-2,3,17,0,walk_chimpira_1
129,10,95,0,1,3,1,-1,1,18,0,walk_giant_1
129,10,112,0,-1,1,-1,-1,1,14,0,walk_masculinity_2
130,10,8,0,2,1,-2,2,-3,22,0,bow_musical
130,10,12,0,3,3,-2,3,-3,24,0,bow_proud
130,10,38,0,3,3,3,2,-3,22,0,byebye_musical
130,10,41,0,3,-3,2,2,-3,32,0,byebye_old
130,10,42,0,3,3,2,3,-2,16,0,byebye_proud
130,10,63,0,3,2,-3,2,3,29,0,guide_chimpira
130,10,94,0,2,2,1,2,-3,26,0,walk_feminine_1
130,10,103,0,3,3,2,3,-3,39,0,walk_sad_1
130,10,113,0,3,3,3,-2,1,145,0,walk_musical_2
130,10,119,0,-3,-1,3,-2,-3,29,0,walk_tired_2
131,10,25,0,-2,2,-3,1,-3,12,0,bye_not_confident
131,10,61,0,2,-2,3,1,1,20,0,guide_angry
131,10,62,0,-2,1,-1,1,-2,18,0,guide_childish
131,10,75,0,2,3,-1,1,-1,14,0,run_active
131,10,80,0,1,2,2,-1,-1,21,0,run_giant
131,10,93,0,2,-3,2,-1,1,14,0,walk_chimpira_1
131,10,95,0,1,2,1,-1,1,28,0,walk_giant_1
131,10,100,0,-2,1,-3,1,3,18,0,walk_not_confident_1
131,10,123,0,1,-1,2,-2,3,19,0,punch_normal_1
131,10,126,0,-1,1,-1,1,-3,22,0,slash_normal_1
132,10,0,0,3,3,-3,3,-3,14,0,bow_active
132,10,31,0,-2,2,1,3,3,49,0,byebye_angry
132,10,52,0,2,-3,3,3,3,5,0,dash_masculinity
132,10,64,0,3,3,-2,0,-3,21,0,guide_feminine
132,10,71,0,2,-1,2,1,2,49,0,guide_old
132,10,79,0,-2,-3,2,1,2,7,0,run_feminine
132,10,82,0,2,2,2,2,2,26,0,run_masculinity
132,10,92,0,-2,-3,-2,-1,-1,7,0,walk_childish_1
132,10,100,0,2,-3,1,-3,2,4,0,walk_not_confident_1
132,10,103,0,2,2,2,-2,-2,4,0,walk_sad_1
133,10,9,0,-1,2,-3,-2,-2,21,0,bow_normal
133,10,10,0,-3,2,-3,-1,1,29,0,bow_not_confident
133,10,29,0,0,-2,3,1,2,29,0,bye_tired
133,10,32,0,3,-3,2,2,2,34,0,byebye_childish
133,10,43,0,-1,2,-3,2,-3,40,0,byebye_sad
133,10,47,0,3,-3,3,-2,3,31,0,dash_childish
133,10,67,0,1,2,1,1,-2,49,0,guide_masculinity
133,10,106,0,-3,3,-1,-2,-3,71,0,walk_angry_2
133,10,118,0,-3,-1,-2,-2,-3,33,0,walk_sad_2
133,10,124,0,2,-3,-1,-3,3,21,0,punch_normal_2
134,10,19,0,-2,0,-3,2,-3,21,0,bye_feminine
134,10,32,0,3,-2,3,3,2,34,0,byebye_childish
134,10,33,0,-2,3,-1,2,-2,31,0,byebye_chimpira
134,10,51,0,3,1,3,3,2,32,0,dash_happy
134,10,57,0,2,0,-2,-3,1,45,0,dash_proud
134,10,68,0,3,3,-3,2,-3,19,0,guide_musical
134,10,90,0,3,-2,3,-1,3,28,0,walk_active_1
134,10,105,0,2,1,2,-2,1,32,0,walk_active_2
134,10,114,0,3,3,3,-2,-2,70,0,walk_normal_2
134,10,115,0,-1,1,-2,-2,3,27,0,walk_not_confident_2
135,10,0,0,3,3,3,-3,-3,108,0,bow_active
135,10,10,0,-3,3,-3,3,-2,48,0,bow_not_confident
135,10,17,0,3,-3,3,-3,3,32,0,bye_childish
135,10,20,0,3,3,-1,1,-3,105,0,bye_giant
135,10,36,0,3,3,0,1,3,69,0,byebye_happy
135,10,41,0,-3,3,-3,3,3,76,0,byebye_old
135,10,45,0,3,-1,-2,1,-2,164,0,dash_active
135,10,72,0,-1,3,-3,3,-3,47,0,guide_proud
135,10,93,0,2,-2,1,-3,2,151,0,walk_chimpira_1
135,10,104,0,-3,3,-3,3,0,113,0,walk_tired_1
136,10,3,0,2,1,-1,3,-2,103,0,bow_chimpira
136,10,38,0,2,1,3,3,-3,20,0,byebye_musical
136,10,40,0,-2,-3,-3,2,1,33,0,byebye_not_confident
136,10,44,0,-2,1,-2,2,-3,31,0,byebye_tired
136,10,48,0,-2,-3,3,-2,2,27,0,dash_chimpira
136,10,77,0,1,3,3,2,-2,32,0,run_childish
136,10,83,0,-3,-2,-2,2,-2,25,0,run_musical
136,10,87,0,2,-2,-2,2,-3,27,0,run_proud
136,10,101,0,2,1,-3,-1,3,27,0,walk_old_1
136,10,105,0,2,-3,2,-3,3,25,0,walk_active_2
137,10,15,0,1,2,-1,2,-1,18,0,bye_active
137,10,20,0,2,-2,3,2,3,56,0,bye_giant
137,10,30,0,3,-3,3,-3,3,25,0,byebye_active
137,10,60,0,-2,-2,3,-3,3,29,0,guide_active
137,10,62,0,1,3,3,1,-1,19,0,guide_childish
137,10,88,0,3,3,-3,2,-3,34,0,run_sad
137,10,98,0,3,-2,3,-3,3,25,0,walk_musical_1
137,10,107,0,-1,-2,3,-3,3,24,0,walk_childish_2
137,10,109,0,3,-3,3,-3,3,16,0,walk_feminine_2
137,10,121,0,-1,2,3,-3,3,23,0,call_normal_2
138,10,1,0,1,1,-1,-1,2,28,0,bow_angry
138,10,23,0,2,1,3,1,-1,29,0,bye_musical
138,10,26,0,3,1,3,2,-2,30,0,bye_old
138,10,28,0,0,1,-2,1,1,20,0,bye_sad
138,10,38,0,3,1,3,2,-2,11,0,byebye_musical
138,10,58,0,-1,2,-1,0,1,24,0,dash_sad
138,10,64,0,3,2,3,3,-2,11,0,guide_feminine
138,10,68,0,3,1,3,3,-3,13,0,guide_musical
138,10,91,0,1,-1,2,-1,1,55,0,walk_angry_1
138,10,117,0,1,2,-1,1,-2,33,0,walk_proud_2
139,10,46,0,0,0,0,0,0,39,0,dash_angry
139,10,47,0,-3,-3,3,-3,-3,25,0,dash_childish
139,10,56,0,-3,-3,3,-3,3,39,0,dash_old
139,10,73,0,3,-3,-3,-3,-3,21,0,guide_sad
139,10,79,0,3,-3,-3,3,3,25,0,run_feminine
139,10,82,0,3,3,3,3,3,35,0,run_masculinity
139,10,90,0,-3,3,3,3,-3,32,0,walk_active_1
139,10,99,0,-2,3,-3,2,-3,58,0,walk_normal_1
139,10,109,0,3,-3,3,2,-3,89,0,walk_feminine_2
139,10,124,0,3,-3,3,3,-3,32,0,punch_normal_2
140,10,35,0,3,3,-3,3,-3,26,0,byebye_giant
140,10,36,0,3,2,3,-1,3,60,0,byebye_happy
140,10,41,0,-3,3,-3,3,-3,30,0,byebye_old
140,10,49,0,3,3,2,1,-3,69,0,dash_feminine
140,10,55,0,1,1,-3,3,-3,51,0,dash_not_confident
140,10,89,0,-3,-3,3,-3,3,25,0,run_tired
140,10,90,0,3,-3,3,-3,1,32,0,walk_active_1
140,10,94,0,3,3,3,3,3,38,0,walk_feminine_1
140,10,95,0,-3,1,-3,-3,3,57,0,walk_giant_1
140,10,117,0,3,-3,3,-3,3,45,0,walk_proud_2
141,10,42,0,2,3,-3,3,-3,13,0,byebye_proud
141,10,55,0,1,1,-2,-3,-2,20,0,dash_not_confident
141,10,59,0,-3,-3,3,-3,3,15,0,dash_tired
141,10,60,0,-3,-3,-1,-3,3,19,0,guide_active
141,10,71,0,2,2,-2,2,-2,54,0,guide_old
141,10,85,0,2,3,1,1,-3,19,0,run_not_confident
141,10,91,0,-3,-3,3,-3,3,48,0,walk_angry_1
141,10,105,0,-2,-2,2,-1,1,29,0,walk_active_2
141,10,107,0,3,3,-3,3,-3,15,0,walk_childish_2
141,10,112,0,3,3,-3,3,-3,19,0,walk_masculinity_2
142,10,9,0,-2,3,-3,3,-3,15,0,bow_normal
142,10,29,0,1,1,-2,1,-1,34,0,bye_tired
142,10,33,0,1,-1,2,1,-1,35,0,byebye_chimpira
142,10,44,0,1,-1,-2,3,-2,23,0,byebye_tired
142,10,54,0,1,1,2,-1,1,30,0,dash_normal
142,10,63,0,2,1,-2,2,-2,27,0,guide_chimpira
142,10,81,0,-1,1,2,1,-2,20,0,run_happy
142,10,108,0,-1,-1,1,-2,2,47,0,walk_chimpira_2
142,10,109,0,2,-1,2,1,-1,33,0,walk_feminine_2
142,10,114,0,1,1,1,1,-1,37,0,walk_normal_2
143,10,1,0,-1,3,-3,1,-3,17,0,bow_angry
143,10,3,0,-3,-2,-3,2,3,16,0,bow_chimpira
143,10,17,0,2,-3,3,-3,3,14,0,bye_childish
143,10,32,0,3,-3,3,-2,2,13,0,byebye_childish
143,10,42,0,2,3,3,2,-3,16,0,byebye_proud
143,10,44,0,-1,3,2,3,-3,13,0,byebye_tired
143,10,47,0,3,-3,3,-2,2,14,0,dash_childish
143,10,55,0,3,-3,2,2,2,28,0,dash_not_confident
143,10,64,0,-3,3,-3,3,-3,18,0,guide_feminine
143,10,70,0,-3,-3,-3,1,3,20,0,guide_not_confident
143,10,87,0,3,-3,3,-3,2,12,0,run_proud
143,10,92,0,3,-3,3,1,2,30,0,walk_childish_1
143,10,96,0,3,-3,3,1,1,21,0,walk_happy_1
143,10,97,0,1,3,1,3,-3,24,0,walk_masculinity_1
143,10,110,0,-3,-2,2,-3,3,18,0,walk_giant_2
143,10,120,0,-1,1,-2,2,-3,26,0,call_normal_1
143,10,122,0,3,3,3,-2,0,44,0,kick_normal
144,10,5,0,3,3,-3,3,-3,14,0,bow_giant
144,10,16,0,3,3,3,3,3,18,0,bye_angry
144,10,18,0,-3,3,3,-3,3,21,0,bye_chimpira
144,10,34,0,3,3,3,3,-3,16,0,byebye_feminine
144,10,39,0,3,3,3,3,-3,33,0,byebye_normal
144,10,41,0,2,2,-3,1,-3,45,0,byebye_old
144,10,52,0,3,3,3,3,-3,17,0,dash_masculinity
144,10,58,0,0,0,0,0,0,9,0,dash_sad
144,10,64,0,3,3,-3,3,-3,20,0,guide_feminine
144,10,113,0,3,3,3,3,-3,24,0,walk_musical_2
145,10,4,0,0,2,-3,3,2,15,0,bow_feminine
145,10,10,0,0,2,-3,3,3,10,0,bow_not_confident
145,10,11,0,0,1,-3,3,3,20,0,bow_old
145,10,26,0,0,3,-2,2,-3,14,0,bye_old
145,10,62,0,3,3,3,-1,-3,29,0,guide_childish
145,10,69,0,3,1,-1,3,-3,25,0,guide_normal
145,10,87,0,0,3,3,-1,-3,10,0,run_proud
145,10,91,0,2,3,3,-3,-2,47,0,walk_angry_1
145,10,120,0,2,2,-3,3,-3,23,0,call_normal_1
145,10,125,0,3,3,3,2,-2,24,0,respond_normal
146,10,31,0,2,1,3,2,2,19,0,byebye_angry
146,10,53,0,1,-2,3,-1,2,26,0,dash_musical
146,10,58,0,-2,2,2,1,-2,34,0,dash_sad
146,10,65,0,-2,1,-1,1,-1,23,0,guide_giant
146,10,90,0,2,-3,3,-2,3,21,0,walk_active_1
146,10,95,0,-3,2,3,1,-2,28,0,walk_giant_1
146,10,103,0,2,1,2,-2,-2,45,0,walk_sad_1
146,10,108,0,3,-3,3,-3,3,19,0,walk_chimpira_2
146,10,116,0,-2,2,-3,2,-3,15,0,walk_old_2
146,10,123,0,-3,2,3,-2,2,18,0,punch_normal_1
147,10,3,0,-1,2,-3,2,-2,23,0,bow_chimpira
147,10,18,0,-1,-1,1,-1,-1,39,0,bye_chimpira
147,10,22,0,-1,1,-1,1,-1,15,0,bye_masculinity
147,10,31,0,-1,2,-2,2,-2,38,0,byebye_angry
147,10,33,0,1,-1,1,-1,1,17,0,byebye_chimpira
147,10,51,0,1,-1,2,-1,1,11,0,dash_happy
147,10,57,0,1,-1,1,-1,1,47,0,dash_proud
147,10,62,0,1,1,1,1,-1,14,0,guide_childish
147,10,74,0,-1,-1,-1,1,-1,29,0,guide_tired
147,10,84,0,-1,-1,1,-1,1,19,0,run_normal
148,10,0,0,1,2,-3,2,-3,14,0,bow_active
148,10,7,0,-2,3,-3,2,-3,24,0,bow_masculinity
148,10,17,0,-2,-2,3,-2,2,12,0,bye_childish
148,10,21,0,-2,1,-1,-1,1,24,0,bye_happy
148,10,24,0,2,3,-2,2,-2,21,0,bye_normal
148,10,50,0,2,1,-2,-1,2,19,0,dash_giant
148,10,51,0,2,1,1,1,-2,20,0,dash_happy
148,10,79,0,2,2,2,1,-2,54,0,run_feminine
148,10,80,0,2,2,-2,-1,-1,23,0,run_giant
148,10,126,0,1,-1,1,-1,2,17,0,slash_normal_1
149,10,13,0,2,3,-2,3,3,13,0,bow_sad
149,10,18,0,2,2,1,1,-2,17,0,bye_chimpira
149,10,20,0,1,1,-1,1,-1,33,0,bye_giant
149,10,23,0,2,1,1,1,-1,10,0,bye_musical
149,10,30,0,3,-2,3,2,1,24,0,byebye_active
149,10,69,0,1,-1,2,2,-2,16,0,guide_normal
149,10,85,0,1,2,1,-1,1,12,0,run_not_confident
149,10,88,0,-1,-1,1,-2,1,17,0,run_sad
149,10,89,0,-3,-2,-2,-2,-2,11,0,run_tired
149,10,97,0,2,1,-1,-1,-1,21,0,walk_masculinity_1
150,10,11,0,-1,-1,-3,-1,3,14,0,bow_old
150,10,18,0,1,1,1,1,-1,13,0,bye_chimpira
150,10,29,0,0,-2,-1,-2,2,14,0,bye_tired
150,10,36,0,-2,-2,-2,1,3,47,0,byebye_happy
150,10,50,0,1,2,-2,1,-2,17,0,dash_giant
150,10,83,0,1,-1,3,-1,2,14,0,run_musical
150,10,91,0,-1,-1,0,-2,1,15,0,walk_angry_1
150,10,94,0,-2,-1,2,1,-1,31,0,walk_feminine_1
150,10,111,0,-2,-1,2,1,1,14,0,walk_happy_2
150,10,117,0,1,-1,-1,-1,1,22,0,walk_proud_2
151,10,12,0,-1,3,1,2,-2,20,0,bow_proud
151,10,13,0,-3,3,-3,1,1,15,0,bow_sad
151,10,24,0,1,2,0,2,-2,15,0,bye_normal
151,10,34,0,3,1,3,3,-1,14,0,byebye_feminine
151,10,69,0,1,2,2,2,-2,16,0,guide_normal
151,10,78,0,2,-3,1,1,3,22,0,run_chimpira
151,10,85,0,0,1,-3,-2,1,35,0,run_not_confident
151,10,92,0,2,-3,-2,-1,2,20,0,walk_childish_1
151,10,109,0,-1,-2,3,-2,1,20,0,walk_feminine_2
151,10,122,0,3,3,2,1,-1,23,0,kick_normal
152,10,20,0,-1,-2,3,2,-2,11,0,bye_giant
152,10,41,0,-2,1,1,3,-1,20,0,byebye_old
152,10,46,0,3,-2,-2,-2,3,19,0,dash_angry
152,10,67,0,-2,2,2,3,-2,13,0,guide_masculinity
152,10,69,0,-2,3,-2,-2,-2,18,0,guide_normal
152,10,78,0,1,-3,3,2,2,14,0,run_chimpira
152,10,85,0,-2,2,-2,-2,2,14,0,run_not_confident
152,10,88,0,-2,-2,-2,-2,1,14,0,run_sad
152,10,97,0,-3,3,-1,-3,-2,10,0,walk_masculinity_1
152,10,117,0,-3,3,2,-3,3,16,0,walk_proud_2
153,10,14,0,-3,-3,-3,3,-3,23,0,bow_tired
153,10,22,0,1,1,3,0,-1,17,0,bye_masculinity
153,10,33,0,3,-3,3,-1,-3,25,0,byebye_chimpira
153,10,64,0,-1,1,-3,0,-3,19,0,guide_feminine
153,10,98,0,3,-3,3,-3,3,15,0,walk_musical_1
153,10,106,0,-1,1,-1,3,-1,18,0,walk_angry_2
153,10,109,0,3,3,3,-1,1,19,0,walk_feminine_2
153,10,112,0,1,3,-1,3,-3,22,0,walk_masculinity_2
153,10,124,0,3,3,1,-3,-2,17,0,punch_normal_2
153,10,125,0,3,-1,2,0,-3,43,0,respond_normal
154,10,14,0,-3,-3,-3,-3,3,15,0,bow_tired
154,10,51,0,-1,3,3,3,-1,14,0,dash_happy
154,10,66,0,3,3,3,3,-3,33,0,guide_happy
154,10,88,0,3,3,3,-3,3,24,0,run_sad
154,10,93,0,2,-2,2,-2,3,16,0,walk_chimpira_1
154,10,96,0,3,3,3,3,-3,9,0,walk_happy_1
154,10,101,0,-2,-2,-3,2,2,16,0,walk_old_1
154,10,113,0,3,3,3,3,-3,9,0,walk_musical_2
154,10,119,0,-3,-3,-3,-3,3,14,0,walk_tired_2
154,10,125,0,2,-1,3,1,1,25,0,respond_normal
155,10,1,0,-3,3,-3,3,-3,11,0,bow_angry
155,10,6,0,3,3,-3,3,-3,16,0,bow_happy
155,10,8,0,3,3,-3,3,-3,13,0,bow_musical
155,10,21,0,3,3,3,3,-3,19,0,bye_happy
155,10,25,0,3,3,-3,3,-3,15,0,bye_not_confident
155,10,28,0,-3,-3,-3,-3,3,15,0,bye_sad
155,10,93,0,3,-3,3,-3,3,16,0,walk_chimpira_1
155,10,96,0,3,-3,3,3,-3,15,0,walk_happy_1
155,10,107,0,3,-3,3,3,-3,14,0,walk_childish_2
155,10,108,0,3,-3,3,-3,-3,31,0,walk_chimpira_2
156,10,2,0,-3,-3,3,3,3,19,0,bow_childish
156,10,25,0,-3,-3,-3,3,-3,28,0,bye_not_confident
156,10,49,0,3,3,3,3,-3,24,0,dash_feminine
156,10,64,0,3,3,3,3,-3,24,0,guide_feminine
156,10,71,0,-3,-3,-3,-3,3,36,0,guide_old
156,10,79,0,3,-3,3,3,3,42,0,run_feminine
156,10,91,0,-3,-3,3,-3,3,22,0,walk_angry_1
156,10,95,0,-3,-3,3,-3,3,18,0,walk_giant_1
156,10,112,0,-3,-3,3,-3,3,35,0,walk_masculinity_2
156,10,127,0,3,3,3,-3,-3,56,0,slash_normal_2
157,10,5,0,-3,3,2,-2,-3,22,0,bow_giant
157,10,6,0,1,1,1,-1,-1,36,0,bow_happy
157,10,28,0,-1,2,-2,2,2,35,0,bye_sad
157,10,32,0,-1,-2,2,1,2,58,0,byebye_childish
157,10,34,0,3,1,3,2,-2,15,0,byebye_feminine
157,10,40,0,-2,2,-3,1,1,20,0,byebye_not_confident
157,10,84,0,3,2,3,2,3,19,0,run_normal
157,10,110,0,1,-1,1,-2,1,29,0,walk_giant_2
157,10,122,0,3,3,2,-1,-3,23,0,kick_normal
157,10,124,0,2,2,2,-2,1,24,0,punch_normal_2
158,10,13,0,3,3,-2,2,-3,78,0,bow_sad
158,10,20,0,2,1,1,3,-2,27,0,bye_giant
158,10,32,0,-2,-3,1,1,2,43,0,byebye_childish
158,10,38,0,3,0,2,3,-2,28,0,byebye_musical
158,10,40,0,-2,-1,1,-1,2,96,0,byebye_not_confident
158,10,42,0,3,1,2,3,-3,65,0,byebye_proud
158,10,44,0,2,1,2,2,-3,74,0,byebye_tired
158,10,68,0,2,2,-1,1,-2,54,0,guide_musical
158,10,78,0,-1,-3,1,-1,2,45,0,run_chimpira
158,10,86,0,-2,-2,1,-1,1,70,0,run_old
159,10,21,0,1,1,-1,1,1,16,0,bye_happy
159,10,23,0,-1,2,-1,-1,-1,31,0,bye_musical
159,10,25,0,2,3,-3,2,-3,27,0,bye_not_confident
159,10,47,0,2,-2,2,2,3,23,0,dash_childish
159,10,49,0,3,2,-1,2,-2,32,0,dash_feminine
159,10,57,0,-1,1,1,1,1,24,0,dash_proud
159,10,59,0,-2,-1,1,-2,2,19,0,dash_tired
159,10,70,0,-2,3,-3,2,-2,18,0,guide_not_confident
159,10,75,0,-1,-1,1,-1,-1,20,0,run_active
159,10,120,0,2,2,2,3,-3,18,0,call_normal_1
160,10,8,0,-2,3,1,-3,-3,15,0,bow_musical
160,10,23,0,1,0,1,3,-2,26,0,bye_musical
160,10,25,0,1,2,-3,2,2,15,0,bye_not_confident
160,10,50,0,1,-3,2,1,2,15,0,dash_giant
160,10,56,0,0,-1,3,-1,3,29,0,dash_old
160,10,86,0,0,-2,0,2,1,21,0,run_old
160,10,101,0,0,-1,-2,-1,-1,16,0,walk_old_1
160,10,104,0,-2,1,-2,-3,2,11,0,walk_tired_1
160,10,118,0,2,2,-2,-1,2,18,0,walk_sad_2
160,10,121,0,2,-3,2,1,2,16,0,call_normal_2
161,10,4,0,3,3,-3,3,-3,14,0,bow_feminine
161,10,7,0,-3,3,3,3,-3,23,0,bow_masculinity
161,10,12,0,-3,3,-3,-3,-3,39,0,bow_proud
161,10,23,0,3,3,3,3,-3,36,0,bye_musical
161,10,41,0,-3,3,-3,-3,3,33,0,byebye_old
161,10,51,0,3,3,3,3,-3,21,0,dash_happy
161,10,73,0,-3,-3,-3,-3,3,70,0,guide_sad
161,10,76,0,3,-3,3,-3,3,24,0,run_angry
161,10,77,0,-3,-3,3,-3,3,13,0,run_childish
161,10,102,0,3,-3,3,-2,-3,34,0,walk_proud_1
162,10,3,0,-3,3,-3,-1,3,17,0,bow_chimpira
162,10,38,0,3,3,2,-3,-3,18,0,byebye_musical
162,10,39,0,2,3,3,3,2,22,0,byebye_normal
162,10,40,0,-3,0,-3,-3,3,14,0,byebye_not_confident
162,10,49,0,3,-3,3,-3,-3,14,0,dash_feminine
162,10,84,0,1,3,2,2,1,14,0,run_normal
162,10,85,0,3,2,1,2,-3,31,0,run_not_confident
162,10,98,0,3,3,3,3,-3,16,0,walk_musical_1
162,10,109,0,-3,3,3,3,-1,22,0,walk_feminine_2
162,10,115,0,-3,-3,-3,-3,3,19,0,walk_not_confident_2
163,10,18,0,3,3,3,-1,-3,37,0,bye_chimpira
163,10,26,0,3,3,-1,3,-3,27,0,bye_old
163,10,35,0,3,3,3,3,-3,23,0,byebye_giant
163,10,44,0,3,3,-3,3,-3,33,0,byebye_tired
163,10,47,0,3,3,-2,3,3,41,0,dash_childish
163,10,49,0,3,3,3,3,-3,20,0,dash_feminine
163,10,73,0,3,3,2,3,3,41,0,guide_sad
163,10,93,0,3,-3,3,-3,3,22,0,walk_chimpira_1
163,10,97,0,3,3,-1,3,-3,26,0,walk_masculinity_1
163,10,119,0,3,0,-3,3,1,25,0,walk_tired_2
164,10,12,0,0,0,-3,3,-3,30,0,bow_proud
164,10,23,0,2,3,2,-2,1,35,0,bye_musical
164,10,48,0,3,-3,3,-1,3,30,0,dash_chimpira
164,10,82,0,-3,0,-3,3,-3,31,0,run_masculinity
164,10,88,0,-1,3,-3,2,-3,16,0,run_sad
164,10,95,0,0,0,3,-3,0,19,0,walk_giant_1
164,10,114,0,0,1,0,2,0,32,0,walk_normal_2
164,10,121,0,-3,-3,-3,3,3,21,0,call_normal_2
164,10,123,0,0,-1,0,0,0,9,0,punch_normal_1
164,10,127,0,3,-1,2,-3,-1,43,0,slash_normal_2
165,10,15,0,3,-1,3,2,-3,13,0,bye_active
165,10,40,0,2,-3,-3,1,3,9,0,byebye_not_confident
165,10,52,0,1,3,3,-1,-1,9,0,dash_masculinity
165,10,61,0,1,2,3,-1,-2,11,0,guide_angry
165,10,62,0,-1,1,1,-1,-1,9,0,guide_childish
165,10,77,0,-2,-1,-2,1,1,10,0,run_childish
165,10,80,0,-1,-2,-1,-2,1,10,0,run_giant
165,10,81,0,1,-1,3,3,-1,11,0,run_happy
165,10,98,0,3,2,3,-1,-3,12,0,walk_musical_1
165,10,126,0,3,3,3,-3,-3,38,0,slash_normal_1
166,10,27,0,2,3,3,-2,-1,14,0,bye_proud
166,10,48,0,2,-3,3,2,2,28,0,dash_chimpira
166,10,56,0,-2,-3,-2,3,3,37,0,dash_old
166,10,73,0,-1,0,-3,2,2,22,0,guide_sad
166,10,89,0,-2,-2,1,1,2,33,0,run_tired
166,10,96,0,-2,1,2,-3,2,20,0,walk_happy_1
166,10,112,0,1,2,1,1,-2,18,0,walk_masculinity_2
166,10,113,0,3,-2,3,-3,2,13,0,walk_musical_2
166,10,124,0,3,3,3,-1,-3,24,0,punch_normal_2
166,10,127,0,2,3,3,-1,-3,36,0,slash_normal_2
167,10,5,0,-2,3,-2,2,-2,21,0,bow_giant
167,10,23,0,2,1,3,3,-1,57,0,bye_musical
167,10,30,0,0,-1,3,0,2,15,0,byebye_active
167,10,44,0,0,0,3,0,0,10,0,byebye_tired
167,10,47,0,0,-3,3,0,1,10,0,dash_childish
167,10,71,0,0,0,-3,0,3,15,0,guide_old
167,10,75,0,0,0,3,0,-3,11,0,run_active
167,10,84,0,-1,0,3,0,-3,17,0,run_normal
167,10,107,0,0,0,3,0,-3,9,0,walk_childish_2
167,10,127,0,0,3,3,0,-1,31,0,slash_normal_2
168,10,8,0,-2,3,-3,-1,-3,15,0,bow_musical
168,10,16,0,-3,-2,-1,-3,-2,18,0,bye_angry
168,10,19,0,-1,2,-2,1,-2,22,0,bye_feminine
168,10,25,0,-1,1,-3,1,3,18,0,bye_not_confident
168,10,39,0,2,1,2,2,1,54,0,byebye_normal
168,10,58,0,-1,-2,3,1,3,19,0,dash_sad
168,10,72,0,-1,-2,1,-3,1,20,0,guide_proud
168,10,90,0,-2,-2,1,-3,2,20,0,walk_active_1
168,10,123,0,2,1,3,-2,-1,13,0,punch_normal_1
168,10,127,0,1,1,2,-2,-1,19,0,slash_normal_2
169,10,7,0,-2,2,-2,-1,-2,20,0,bow_masculinity
169,10,24,0,-1,1,2,2,-2,28,0,bye_normal
169,10,26,0,-2,2,-2,-2,-2,17,0,bye_old
169,10,30,0,3,-3,3,3,-1,16,0,byebye_active
169,10,33,0,2,-1,2,2,-2,14,0,byebye_chimpira
169,10,45,0,2,-2,3,1,2,16,0,dash_active
169,10,46,0,-1,-2,1,-2,2,19,0,dash_angry
169,10,71,0,1,-1,1,-1,2,27,0,guide_old
169,10,100,0,-3,2,-2,-1,1,33,0,walk_not_confident_1
169,10,121,0,2,-2,2,1,1,25,0,call_normal_2
170,10,11,0,1,3,-2,1,-3,9,0,bow_old
170,10,18,0,2,-1,1,3,-1,13,0,bye_chimpira
170,10,43,0,-1,1,-1,-1,-3,15,0,byebye_sad
170,10,50,0,1,-1,2,-1,1,10,0,dash_giant
170,10,79,0,3,-3,3,3,2,9,0,run_feminine
170,10,108,0,1,2,2,-1,-3,33,0,walk_chimpira_2
170,10,109,0,1,-1,2,-1,-2,14,0,walk_feminine_2
170,10,110,0,-1,-3,3,-2,1,10,0,walk_giant_2
170,10,111,0,1,-1,1,0,1,9,0,walk_happy_2
170,10,116,0,-2,3,-3,3,-3,13,0,walk_old_2
171,10,26,0,2,2,2,3,-3,14,0,bye_old
171,10,52,0,2,1,1,1,2,23,0,dash_masculinity
171,10,73,0,2,1,-1,1,-2,41,0,guide_sad
171,10,74,0,2,-2,-1,-2,2,23,0,guide_tired
171,10,80,0,1,-1,-1,-1,1,22,0,run_giant
171,10,86,0,1,-1,-1,-1,1,21,0,run_old
171,10,114,0,1,1,-2,2,-2,14,0,walk_normal_2
171,10,116,0,3,2,-3,3,-3,10,0,walk_old_2
171,10,124,0,3,3,3,-3,2,15,0,punch_normal_2
171,10,125,0,1,2,2,3,-2,23,0,respond_normal
172,10,13,0,3,3,-3,3,-3,15,0,bow_sad
172,10,22,0,3,1,2,-3,-3,59,0,bye_masculinity
172,10,37,0,3,1,3,-3,1,14,0,byebye_masculinity
172,10,41,0,-1,1,0,-3,2,20,0,byebye_old
172,10,63,0,3,3,3,3,-3,11,0,guide_chimpira
172,10,68,0,3,3,3,3,3,18,0,guide_musical
172,10,76,0,-3,-3,3,-3,3,12,0,run_angry
172,10,88,0,-1,-1,3,-3,2,14,0,run_sad
172,10,94,0,-3,-3,-3,3,3,15,0,walk_feminine_1
172,10,119,0,-3,-3,3,-3,3,23,0,walk_tired_2
173,10,4,0,-2,2,-2,-3,-1,25,0,bow_feminine
173,10,21,0,-1,2,-1,-1,-1,19,0,bye_happy
173,10,24,0,1,-1,1,1,-1,23,0,bye_normal
173,10,38,0,1,-1,2,2,-2,31,0,byebye_musical
173,10,43,0,-1,-1,-2,-2,-2,32,0,byebye_sad
173,10,53,0,2,-1,3,1,1,31,0,dash_musical
173,10,85,0,-2,1,-2,-1,1,23,0,run_not_confident
173,10,107,0,1,-1,2,-2,-1,35,0,walk_childish_2
173,10,110,0,-2,-2,3,-3,2,23,0,walk_giant_2
173,10,125,0,2,-1,1,3,1,59,0,respond_normal
174,10,8,0,2,2,-3,2,-2,20,0,bow_musical
174,10,30,0,-2,-2,1,-3,2,21,0,byebye_active
174,10,31,0,-2,-1,2,-2,2,19,0,byebye_angry
174,10,79,0,-1,1,3,-1,1,30,0,run_feminine
174,10,83,0,2,1,1,2,-2,36,0,run_musical
174,10,95,0,-2,-3,2,-2,2,17,0,walk_giant_1
174,10,99,0,-1,2,2,-2,1,20,0,walk_normal_1
174,10,100,0,1,-3,-3,2,3,37,0,walk_not_confident_1
174,10,103,0,-1,1,-2,1,-1,24,0,walk_sad_1
174,10,109,0,-1,-1,3,-1,1,24,0,walk_feminine_2
175,10,6,0,1,2,-2,1,-2,15,0,bow_happy
175,10,10,0,-1,1,-2,2,-2,15,0,bow_not_confident
175,10,12,0,-1,2,-2,1,-3,13,0,bow_proud
175,10,20,0,1,2,2,-1,-1,11,0,bye_giant
175,10,21,0,-1,1,-1,3,-1,14,0,bye_happy
175,10,35,0,-1,1,3,0,1,16,0,byebye_giant
175,10,40,0,-1,-2,-2,1,3,16,0,byebye_not_confident
175,10,41,0,-1,-1,-1,1,-2,17,0,byebye_old
175,10,48,0,-1,-3,3,-2,2,15,0,dash_chimpira
175,10,49,0,1,-2,1,1,2,18,0,dash_feminine
175,10,56,0,-1,-2,2,-3,2,13,0,dash_old
175,10,57,0,1,-1,1,-1,-1,18,0,dash_proud
175,10,61,0,-2,-1,3,-2,1,11,0,guide_angry
175,10,62,0,-2,1,2,-1,1,16,0,guide_childish
175,10,66,0,-1,1,1,2,-1,16,0,guide_happy
175,10,68,0,-1,1,2,1,-2,12,0,guide_musical
175,10,70,0,-1,-1,-2,1,1,12,0,guide_not_confident
175,10,76,0,-1,-1,2,-2,1,13,0,run_angry
175,10,81,0,0,-1,-1,1,-1,27,0,run_happy
175,10,88,0,-1,-1,-2,1,-1,17,0,run_sad
175,10,101,0,-1,-1,-1,1,-3,13,0,walk_old_1
175,10,106,0,-1,2,-1,1,-2,15,0,walk_angry_2
175,10,116,0,-1,2,-2,1,-2,12,0,walk_old_2
175,10,118,0,-1,-1,-3,1,-2,17,0,walk_sad_2
175,10,126,0,0,1,1,-1,-2,12,0,slash_normal_1
176,10,0,0,-1,3,0,0,-3,30,0,bow_active
176,10,2,0,0,-2,-2,0,1,27,0,bow_childish
176,10,3,0,0,1,0,0,-2,14,0,bow_chimpira
176,10,4,0,0,0,1,-1,-1,32,0,bow_feminine
176,10,5,0,0,3,1,0,-3,20,0,bow_giant
176,10,6,0,0,3,0,1,-3,15,0,bow_happy
176,10,7,0,0,3,-2,0,-3,16,0,bow_masculinity
176,10,12,0,0,3,-1,0,-2,23,0,bow_proud
176,10,13,0,0,2,-3,0,1,32,0,bow_sad
176,10,14,0,1,-3,3,1,2,30,0,bow_tired
176,10,20,0,0,1,0,-2,-3,27,0,bye_giant
176,10,22,0,0,1,2,0,-1,21,0,bye_masculinity
176,10,23,0,-1,0,3,-3,-3,33,0,bye_musical
176,10,26,0,0,3,1,0,-3,112,0,bye_old
176,10,30,0,1,-2,3,3,2,25,0,byebye_active
176,10,31,0,0,-3,3,2,3,18,0,byebye_angry
176,10,32,0,0,-3,3,1,3,43,0,byebye_childish
176,10,34,0,0,-1,3,-1,0,28,0,byebye_feminine
176,10,37,0,1,-2,3,3,1,69,0,byebye_masculinity
176,10,39,0,3,-3,3,0,3,16,0,byebye_normal
176,10,43,0,0,0,-3,1,0,19,0,byebye_sad
176,10,44,0,1,2,3,-2,-2,46,0,byebye_tired
176,10,45,0,2,-1,3,1,1,17,0,dash_active
176,10,46,0,0,-3,-1,-1,3,25,0,dash_angry
176,10,50,0,0,0,3,2,-1,15,0,dash_giant
176,10,53,0,0,3,0,0,-3,37,0,dash_musical
176,10,56,0,0,-3,3,-3,3,17,0,dash_old
176,10,58,0,0,-3,1,1,3,28,0,dash_sad
176,10,59,0,3,-3,3,3,3,14,0,dash_tired
176,10,60,0,0,0,3,-1,2,34,0,guide_active
176,10,61,0,0,-3,-1,-3,3,29,0,guide_angry
176,10,63,0,0,3,2,1,-3,23,0,guide_chimpira
176,10,65,0,1,-1,3,1,0,20,0,guide_giant
176,10,66,0,0,-1,3,1,3,16,0,guide_happy
176,10,67,0,-2,3,-3,0,-3,16,0,guide_masculinity
176,10,69,0,0,-1,3,0,1,22,0,guide_normal
176,10,71,0,-1,2,-1,0,-3,21,0,guide_old
176,10,72,0,1,-2,3,-2,0,22,0,guide_proud
176,10,73,0,-1,0,-3,0,0,50,0,guide_sad
176,10,74,0,1,-2,3,-2,0,24,0,guide_tired
176,10,75,0,0,-1,3,2,1,25,0,run_active
176,10,76,0,-1,0,-1,-3,3,16,0,run_angry
176,10,78,0,-2,-1,3,1,1,24,0,run_chimpira
176,10,79,0,3,-3,3,-3,3,23,0,run_feminine
176,10,80,0,-2,0,1,1,-1,30,0,run_giant
176,10,81,0,0,-3,2,-3,3,27,0,run_happy
176,10,82,0,0,3,-1,0,-3,38,0,run_masculinity
176,10,83,0,3,-1,3,0,0,38,0,run_musical
176,10,84,0,3,-3,3,0,3,44,0,run_normal
176,10,85,0,0,-2,-3,1,2,12,0,run_not_confident
176,10,86,0,-1,-1,-1,1,3,23,0,run_old
176,10,87,0,0,0,3,-3,0,21,0,run_proud
176,10,89,0,0,-3,2,-1,3,37,0,run_tired
176,10,90,0,-1,3,3,-2,-3,22,0,walk_active_1
176,10,94,0,3,-2,3,-2,1,50,0,walk_feminine_1
176,10,95,0,-3,3,3,-3,-3,34,0,walk_giant_1
176,10,97,0,0,0,1,-1,0,19,0,walk_masculinity_1
176,10,99,0,0,3,2,-2,-3,19,0,walk_normal_1
176,10,100,0,-1,-1,-3,3,2,68,0,walk_not_confident_1
176,10,103,0,0,-3,-2,0,3,13,0,walk_sad_1
176,10,104,0,-1,3,-3,0,-2,21,0,walk_tired_1
176,10,105,0,-3,3,3,-3,-3,19,0,walk_active_2
176,10,108,0,0,-3,3,-3,3,20,0,walk_chimpira_2
176,10,109,0,1,-1,3,-2,0,24,0,walk_feminine_2
176,10,110,0,-3,1,3,-2,-2,22,0,walk_giant_2
176,10,112,0,0,3,0,0,-3,12,0,walk_masculinity_2
176,10,113,0,2,0,3,-2,0,34,0,walk_musical_2
176,10,114,0,0,3,0,0,-3,30,0,walk_normal_2
176,10,115,0,-2,-2,-3,0,3,23,0,walk_not_confident_2
176,10,117,0,0,-3,3,-3,3,66,0,walk_proud_2
176,10,120,0,0,0,0,1,1,51,0,call_normal_1
176,10,122,0,-2,3,-2,1,-3,39,0,kick_normal
176,10,124,0,-1,3,0,0,-3,23,0,punch_normal_2
176,10,125,0,0,2,-1,1,-2,38,0,respond_normal
176,10,126,0,-3,3,-2,-2,-3,38,0,slash_normal_1
176,10,127,0,-1,3,-3,0,-3,29,0,slash_normal_2
177,10,9,0,-2,2,-2,1,-3,26,0,bow_normal
177,10,24,0,0,-1,-2,2,-1,30,0,bye_normal
177,10,29,0,1,1,2,1,-2,20,0,bye_tired
177,10,38,0,0,-2,2,3,-1,89,0,byebye_musical
177,10,45,0,1,-2,1,1,1,29,0,dash_active
177,10,53,0,1,-1,0,1,1,32,0,dash_musical
177,10,54,0,0,-1,1,-1,2,20,0,dash_normal
177,10,55,0,0,-1,-1,-1,1,23,0,dash_not_confident
177,10,60,0,-1,2,2,-2,-2,31,0,guide_active
177,10,64,0,1,1,2,3,-3,18,0,guide_feminine
177,10,67,0,-1,2,2,-2,-2,26,0,guide_masculinity
177,10,69,0,1,-1,1,1,-1,19,0,guide_normal
177,10,72,0,-2,-1,1,1,0,25,0,guide_proud
177,10,80,0,-1,-2,1,-1,2,25,0,run_giant
177,10,86,0,-1,-1,-2,-1,2,30,0,run_old
177,10,92,0,-2,0,1,-2,1,26,0,walk_childish_1
177,10,93,0,-1,-2,1,-3,2,23,0,walk_chimpira_1
177,10,98,0,2,-1,2,2,-2,93,0,walk_musical_1
177,10,100,0,0,0,-3,2,2,19,0,walk_not_confident_1
177,10,123,0,-1,2,-1,-1,-2,24,0,punch_normal_1
178,10,0,0,-1,1,2,-1,-1,11,0,bow_active
178,10,1,0,-1,1,-1,-1,-2,25,0,bow_angry
178,10,2,0,-1,-3,1,-2,2,15,0,bow_childish
178,10,3,0,-1,1,-1,-1,-2,20,0,bow_chimpira
178,10,4,0,0,1,-1,1,-2,41,0,bow_feminine
178,10,5,0,1,1,2,-1,-1,27,0,bow_giant
178,10,6,0,-1,2,-3,1,-2,21,0,bow_happy
178,10,7,0,-3,3,-1,-1,-1,25,0,bow_masculinity
178,10,8,0,2,3,3,2,-3,12,0,bow_musical
178,10,9,0,-1,3,-2,2,-3,16,0,bow_normal
178,10,10,0,-2,2,-3,1,-3,21,0,bow_not_confident
178,10,11,0,0,3,-3,1,-3,26,0,bow_old
178,10,12,0,-1,1,-2,-1,-1,16,0,bow_proud
178,10,13,0,-1,0,-2,1,-2,34,0,bow_sad
178,10,14,0,-1,-3,1,-1,2,25,0,bow_tired
178,10,15,0,2,1,3,-1,1,83,0,bye_active
178,10,16,0,-2,1,3,-3,2,18,0,bye_angry
178,10,17,0,-1,-3,3,-3,3,27,0,bye_childish
178,10,18,0,-1,-2,1,-1,-1,28,0,bye_chimpira
178,10,19,0,-1,0,1,2,-3,32,0,bye_feminine
178,10,20,0,-1,3,3,-1,-1,29,0,bye_giant
178,10,21,0,2,-1,-1,3,1,26,0,bye_happy
178,10,22,0,0,1,3,-1,-1,23,0,bye_masculinity
178,10,23,0,2,2,2,-2,-1,24,0,bye_musical
178,10,24,0,-1,1,-2,2,-1,26,0,bye_normal
178,10,25,0,-1,1,-2,1,-2,29,0,bye_not_confident
178,10,26,0,-2,3,2,1,-3,14,0,bye_old
178,10,27,0,-2,1,3,-3,-2,11,0,bye_proud
178,10,28,0,-2,-1,-3,1,-3,19,0,bye_sad
178,10,29,0,-1,-2,1,1,1,16,0,bye_tired
178,10,30,0,-1,-2,2,-1,2,17,0,byebye_active
178,10,31,0,1,-2,3,-1,1,25,0,byebye_angry
178,10,32,0,2,-2,3,-3,2,23,0,byebye_childish
178,10,33,0,-2,2,1,-1,-1,28,0,byebye_chimpira
178,10,34,0,-1,1,2,1,-1,26,0,byebye_feminine
178,10,35,0,-1,1,3,-3,2,13,0,byebye_giant
178,10,36,0,-1,-3,1,0,2,35,0,byebye_happy
178,10,37,0,-1,0,3,1,-1,18,0,byebye_masculinity
178,10,38,0,1,1,2,2,-1,17,0,byebye_musical
178,10,39,0,1,1,3,1,1,16,0,byebye_normal
178,10,40,0,-1,-1,-3,1,2,23,0,byebye_not_confident
178,10,41,0,-2,1,-1,3,-3,18,0,byebye_old
178,10,42,0,1,2,2,1,-3,34,0,byebye_proud
178,10,43,0,-1,1,-3,1,-2,22,0,byebye_sad
178,10,44,0,-1,-1,-1,1,-2,19,0,byebye_tired
178,10,45,0,-1,1,2,-1,1,15,0,dash_active
178,10,46,0,1,-3,0,-1,2,22,0,dash_angry
178,10,47,0,0,-3,2,1,1,36,0,dash_childish
178,10,48,0,-1,-3,3,-3,3,14,0,dash_chimpira
178,10,49,0,1,-1,2,1,2,18,0,dash_feminine
178,10,50,0,0,-1,2,-1,1,27,0,dash_giant
178,10,51,0,0,-3,-1,1,3,14,0,dash_happy
178,10,52,0,0,2,3,-1,-1,20,0,dash_masculinity
178,10,53,0,1,-1,1,-2,2,22,0,dash_musical
178,10,54,0,1,1,3,-2,0,15,0,dash_normal
178,10,55,0,-1,-1,-1,-2,1,42,0,dash_not_confident
178,10,56,0,-1,-2,2,-2,1,17,0,dash_old
178,10,57,0,1,-1,2,-1,2,24,0,dash_proud
178,10,58,0,-1,-3,-1,-1,3,23,0,dash_sad
178,10,59,0,1,-3,1,1,1,47,0,dash_tired
178,10,60,0,1,1,1,-3,2,17,0,guide_active
178,10,61,0,1,-1,3,-2,1,16,0,guide_angry
178,10,62,0,-2,2,2,-1,-2,35,0,guide_childish
178,10,63,0,-1,-3,-1,-1,-1,18,0,guide_chimpira
178,10,64,0,2,0,2,2,-2,29,0,guide_feminine
178,10,65,0,-1,1,1,-2,0,24,0,guide_giant
178,10,66,0,-1,1,-2,2,-1,42,0,guide_happy
178,10,67,0,0,1,1,1,-2,17,0,guide_masculinity
178,10,68,0,1,2,2,1,-2,21,0,guide_musical
178,10,69,0,-1,-1,-2,2,1,24,0,guide_normal
178,10,70,0,-2,-1,-3,1,1,22,0,guide_not_confident
178,10,71,0,-2,-1,1,2,-1,33,0,guide_old
178,10,72,0,-1,3,2,-2,-2,22,0,guide_proud
178,10,73,0,-1,2,-2,1,-1,24,0,guide_sad
178,10,74,0,-1,-2,1,1,1,22,0,guide_tired
178,10,75,0,2,2,2,-1,-2,16,0,run_active
178,10,76,0,0,-1,2,-2,2,27,0,run_angry
178,10,77,0,1,-1,-2,1,-1,33,0,run_childish
178,10,78,0,-1,-2,2,-3,1,16,0,run_chimpira
178,10,79,0,-1,1,-2,2,2,21,0,run_feminine
178,10,80,0,0,1,1,0,-1,22,0,run_giant
178,10,81,0,-1,-1,-2,1,2,42,0,run_happy
178,10,82,0,1,2,1,1,-1,22,0,run_masculinity
178,10,83,0,3,0,3,-1,1,22,0,run_musical
178,10,84,0,1,-1,-2,2,1,17,0,run_normal
178,10,85,0,-1,-1,-3,1,1,14,0,run_not_confident
178,10,86,0,-2,-1,-2,-1,1,25,0,run_old
178,10,87,0,1,-1,2,1,1,21,0,run_proud
178,10,88,0,-1,-1,-2,-1,-2,22,0,run_sad
178,10,89,0,-1,-3,-1,-1,1,28,0,run_tired
178,10,90,0,-2,3,2,-2,1,16,0,walk_active_1
178,10,91,0,1,1,1,-2,1,25,0,walk_angry_1
178,10,92,0,-2,-2,1,-3,3,21,0,walk_childish_1
178,10,93,0,0,-3,1,-2,1,14,0,walk_chimpira_1
178,10,94,0,1,2,1,-1,-1,25,0,walk_feminine_1
178,10,95,0,-1,1,2,-1,-2,40,0,walk_giant_1
178,10,96,0,2,-1,2,2,1,19,0,walk_happy_1
178,10,97,0,-1,2,1,-1,-1,26,0,walk_masculinity_1
178,10,98,0,3,3,2,-1,2,21,0,walk_musical_1
178,10,99,0,1,2,2,1,-1,23,0,walk_normal_1
178,10,100,0,-1,-1,-3,1,2,15,0,walk_not_confident_1
178,10,101,0,-1,2,-2,2,-2,21,0,walk_old_1
178,10,102,0,2,1,2,-1,-2,18,0,walk_proud_1
178,10,103,0,0,-1,-3,1,1,18,0,walk_sad_1
178,10,104,0,-1,-3,-3,1,1,27,0,walk_tired_1
178,10,105,0,1,3,3,-2,-2,18,0,walk_active_2
178,10,106,0,-1,1,1,-3,1,21,0,walk_angry_2
178,10,107,0,1,1,2,-2,-1,24,0,walk_childish_2
178,10,108,0,-1,-2,2,-2,1,26,0,walk_chimpira_2
178,10,109,0,2,-1,2,-1,2,21,0,walk_feminine_2
178,10,110,0,-1,1,2,-3,-1,23,0,walk_giant_2
178,10,111,0,2,-2,1,1,1,32,0,walk_happy_2
178,10,112,0,1,3,1,-1,-3,20,0,walk_masculinity_2
178,10,113,0,2,3,2,-1,-1,18,0,walk_musical_2
178,10,114,0,1,2,1,-1,-2,48,0,walk_normal_2
178,10,115,0,-1,-2,-2,0,3,18,0,walk_not_confident_2
178,10,116,0,-3,3,-1,-1,-2,20,0,walk_old_2
178,10,117,0,2,3,1,-1,-2,22,0,walk_proud_2
178,10,118,0,-1,-2,-1,2,1,40,0,walk_sad_2
178,10,119,0,-1,-3,-1,1,2,30,0,walk_tired_2
178,10,120,0,-2,1,-1,0,-1,24,0,call_normal_1
178,10,121,0,1,0,-2,1,1,27,0,call_normal_2
178,10,122,0,-1,2,2,-2,-2,18,0,kick_normal
178,10,123,0,0,2,2,-3,-1,16,0,punch_normal_1
178,10,124,0,-1,0,2,-3,-1,26,0,punch_normal_2
178,10,125,0,1,-2,3,2,2,19,0,respond_normal
178,10,126,0,0,2,1,-1,-1,13,0,slash_normal_1
178,10,127,0,-1,2,2,-1,-2,15,0,slash_normal_2
179,10,29,0,0,0,-1,2,1,45,0,bye_tired
179,10,106,0,-2,2,0,0,-2,120,0,walk_angry_2
